Open,High,Low,Close,Moving Average 200,Moving Average 50,Exp Moving Average 10,Exp Moving Average 20
115,115.01,114.86,114.91,114.52,114.83,114.94,114.86
114.91,114.97,114.82,114.9,114.52,114.84,114.93,114.86
114.9,114.94,114.8,114.92,114.52,114.84,114.93,114.87
114.92,115.1,114.9,115.09,114.53,114.84,114.96,114.89
115.09,115.18,115.02,115.13,114.53,114.84,114.99,114.91
115.13,115.29,115.1,115.27,114.53,114.85,115.04,114.94
115.26,115.42,115.26,115.34,114.54,114.85,115.09,114.98
115.34,115.47,115.34,115.41,114.54,114.86,115.15,115.02
115.41,115.43,115.25,115.35,114.54,114.86,115.19,115.05
115.35,115.39,115.28,115.3,114.55,114.87,115.21,115.08
115.3,115.37,115.28,115.31,114.55,114.88,115.23,115.1
115.31,115.47,115.3,115.35,114.55,114.89,115.25,115.12
115.35,115.46,115.34,115.43,114.55,114.89,115.28,115.15
115.43,115.65,115.4,115.63,114.56,114.91,115.35,115.2
115.64,115.71,115.49,115.58,114.56,114.92,115.39,115.24
115.59,115.62,115.41,115.47,114.56,114.94,115.4,115.26
115.47,115.47,115.3,115.38,114.56,114.95,115.4,115.27
115.38,115.38,115.21,115.24,114.56,114.96,115.37,115.27
115.24,115.38,115.22,115.36,114.56,114.97,115.37,115.28
115.37,115.44,115.31,115.4,114.57,114.98,115.37,115.29
115.4,115.47,115.4,115.44,114.57,114.99,115.39,115.3
115.44,115.54,115.33,115.36,114.58,114.99,115.38,115.31
115.36,115.63,115.36,115.58,114.59,115,115.42,115.33
115.59,115.68,115.58,115.61,114.6,115.02,115.45,115.36
115.61,115.68,115.56,115.66,114.61,115.04,115.49,115.39
115.66,115.86,115.64,115.86,114.62,115.07,115.56,115.43
115.86,115.88,115.7,115.81,114.63,115.07,115.6,115.47
115.81,115.81,115.68,115.77,114.64,115.09,115.63,115.5
115.77,115.78,115.61,115.65,114.65,115.1,115.64,115.51
115.65,115.71,115.55,115.65,114.66,115.13,115.64,115.52
115.65,115.84,115.63,115.82,114.67,115.15,115.67,115.55
115.82,115.83,115.7,115.73,114.68,115.17,115.68,115.57
115.74,115.92,115.74,115.9,114.69,115.21,115.72,115.6
115.9,116,115.85,115.99,114.7,115.24,115.77,115.64
115.99,116,115.87,115.92,114.72,115.27,115.8,115.66
115.92,115.97,115.8,115.82,114.73,115.3,115.8,115.68
115.82,115.87,115.74,115.76,114.74,115.33,115.79,115.69
115.76,115.81,115.7,115.78,114.75,115.36,115.79,115.69
115.78,115.78,115.6,115.69,114.76,115.38,115.77,115.69
115.69,115.83,115.69,115.72,114.78,115.4,115.76,115.7
115.71,115.79,115.64,115.69,114.79,115.42,115.75,115.7
115.69,115.7,115.4,115.48,114.8,115.43,115.7,115.67
115.48,115.62,115.45,115.55,114.81,115.44,115.67,115.66
115.56,115.66,115.5,115.65,114.82,115.46,115.67,115.66
115.65,115.71,115.51,115.59,114.83,115.47,115.65,115.66
115.59,115.67,115.53,115.56,114.83,115.48,115.64,115.65
115.56,115.59,115.49,115.57,114.84,115.49,115.62,115.64
115.57,115.71,115.54,115.66,114.85,115.5,115.63,115.64
115.66,115.67,115.48,115.53,114.86,115.51,115.61,115.63
115.53,115.7,115.5,115.69,114.87,115.52,115.63,115.64
115.69,115.71,115.59,115.62,114.88,115.54,115.62,115.63
115.62,115.64,115.44,115.52,114.88,115.55,115.61,115.62
115.52,115.62,115.5,115.52,114.89,115.56,115.59,115.61
115.99,116.27,115.62,116.18,114.9,115.58,115.7,115.67
116.18,116.59,116.15,116.42,114.91,115.61,115.83,115.74
116.4,116.4,115.98,116.12,114.92,115.63,115.88,115.78
116.12,116.29,115.8,116.08,114.92,115.64,115.92,115.8
116.08,116.21,115.97,116.06,114.93,115.66,115.94,115.83
116.06,116.42,115.96,116.16,114.94,115.67,115.98,115.86
116.16,116.46,116.16,116.36,114.95,115.69,116.05,115.91
116.36,116.69,116.34,116.57,114.96,115.72,116.15,115.97
116.57,116.8,116.53,116.71,114.97,115.75,116.25,116.04
116.71,116.72,116.48,116.63,114.98,115.77,116.32,116.1
116.64,116.64,116.45,116.62,114.99,115.79,116.37,116.15
116.62,116.73,116.51,116.72,115,115.81,116.44,116.2
116.72,116.88,116.67,116.72,115.01,115.84,116.49,116.25
116.72,116.92,116.72,116.86,115.02,115.87,116.56,116.31
116.86,116.93,116.7,116.73,115.03,115.9,116.59,116.35
116.73,116.96,116.6,116.9,115.04,115.93,116.64,116.4
116.9,117.02,116.78,116.85,115.05,115.96,116.68,116.44
116.85,117.02,116.75,116.98,115.06,115.99,116.74,116.5
116.98,117.16,116.95,117.04,115.07,116.02,116.79,116.55
117.04,117.11,116.95,117.04,115.09,116.05,116.84,116.59
117.04,117.07,116.68,116.68,115.1,116.07,116.81,116.6
116.68,116.97,116.64,116.81,115.11,116.09,116.81,116.62
116.81,116.89,116.69,116.74,115.12,116.11,116.79,116.63
116.74,116.9,116.65,116.88,115.13,116.13,116.81,116.66
116.9,116.98,116.85,116.94,115.15,116.16,116.83,116.68
116.94,116.98,116.8,116.88,115.16,116.18,116.84,116.7
116.88,116.9,116.78,116.8,115.17,116.2,116.83,116.71
116.8,116.84,116.69,116.72,115.18,116.22,116.81,116.71
116.72,116.81,116.65,116.8,115.19,116.24,116.81,116.72
116.8,117.02,116.8,117.01,115.21,116.27,116.85,116.75
117.01,117.11,116.94,117.07,115.22,116.29,116.89,116.78
117.07,117.1,116.88,116.89,115.23,116.31,116.89,116.79
116.89,116.99,116.86,116.98,115.25,116.33,116.9,116.81
116.98,116.98,116.8,116.86,115.26,116.35,116.89,116.81
116.86,116.91,116.82,116.83,115.27,116.37,116.88,116.81
116.83,116.83,116.71,116.79,115.29,116.39,116.87,116.81
116.79,116.8,116.67,116.76,115.3,116.42,116.85,116.81
116.76,116.84,116.74,116.79,115.31,116.44,116.84,116.8
116.79,116.84,116.76,116.78,115.33,116.46,116.83,116.8
116.78,116.84,116.68,116.82,115.34,116.49,116.83,116.8
116.82,116.96,116.82,116.89,115.35,116.51,116.84,116.81
116.89,116.99,116.84,116.97,115.36,116.54,116.86,116.83
116.97,117.03,116.94,116.99,115.37,116.57,116.88,116.84
116.99,117.02,116.89,116.91,115.38,116.6,116.89,116.85
116.91,117,116.89,116.94,115.39,116.62,116.9,116.86
116.94,116.99,116.86,116.93,115.4,116.65,116.9,116.86
116.93,116.98,116.88,116.93,115.41,116.68,116.91,116.87
116.93,116.93,116.82,116.82,115.41,116.7,116.89,116.87
116.82,116.96,116.81,116.87,115.42,116.73,116.89,116.87
116.87,116.89,116.72,116.83,115.43,116.75,116.88,116.86
116.83,116.83,116.68,116.73,115.43,116.76,116.85,116.85
116.73,116.75,116.63,116.73,115.44,116.77,116.83,116.84
116.74,116.74,116.62,116.64,115.45,116.78,116.79,116.82
116.64,116.8,116.61,116.78,115.46,116.79,116.79,116.81
116.78,116.83,116.62,116.68,115.47,116.81,116.77,116.8
116.68,116.7,116.41,116.61,115.48,116.82,116.74,116.78
116.61,116.62,116.36,116.36,115.49,116.82,116.67,116.74
116.36,116.49,116.08,116.09,115.5,116.81,116.57,116.68
116.08,116.19,115.61,116.05,115.51,116.79,116.47,116.62
116.05,116.25,115.83,116.03,115.51,116.78,116.39,116.56
116.03,116.3,115.95,116.22,115.52,116.77,116.36,116.53
116.22,116.34,116.12,116.21,115.53,116.76,116.33,116.5
116.21,116.33,116.18,116.25,115.54,116.75,116.32,116.48
116.25,116.45,116.22,116.41,115.55,116.74,116.33,116.47
116.41,116.54,116.33,116.41,115.55,116.74,116.35,116.46
116.41,116.52,116.35,116.37,115.56,116.73,116.35,116.46
116.37,116.39,116.23,116.34,115.57,116.72,116.35,116.44
116.34,116.44,116.29,116.37,115.58,116.7,116.35,116.44
116.37,116.46,116.24,116.3,115.59,116.69,116.34,116.42
116.29,116.35,116.21,116.24,115.6,116.67,116.32,116.41
116.24,116.36,116.15,116.19,115.61,116.66,116.3,116.39
116.19,116.35,116.08,116.2,115.62,116.65,116.28,116.37
116.19,116.26,116.1,116.15,115.63,116.64,116.26,116.35
116.15,116.21,116,116.03,115.64,116.62,116.21,116.32
116.03,116.16,115.93,116.14,115.65,116.61,116.2,116.3
116.14,116.14,115.89,115.92,115.66,116.59,116.15,116.26
115.92,115.93,115.7,115.7,115.66,116.57,116.07,116.21
115.7,115.87,115.61,115.71,115.67,116.55,116,116.16
115.75,116.44,115.73,116.43,115.68,116.54,116.08,116.19
116.43,116.62,116.31,116.35,115.69,116.52,116.13,116.2
116.35,116.75,116.32,116.72,115.7,116.52,116.24,116.25
116.72,117.02,116.68,116.77,115.71,116.52,116.33,116.3
116.77,117.1,116.71,117.06,115.73,116.52,116.46,116.37
117.06,117.42,117.05,117.26,115.74,116.52,116.61,116.46
117.26,117.45,117.1,117.18,115.75,116.53,116.71,116.53
117.18,117.44,117.11,117.16,115.77,116.54,116.79,116.59
117.17,117.24,116.9,116.99,115.78,116.54,116.83,116.63
116.99,117.16,116.97,116.99,115.79,116.55,116.86,116.66
116.99,117.06,116.82,116.9,115.8,116.55,116.87,116.68
116.9,117.06,116.87,117.03,115.81,116.55,116.9,116.72
117.03,117.05,116.8,116.88,115.82,116.55,116.89,116.73
116.88,116.99,116.8,116.92,115.83,116.55,116.9,116.75
116.92,117.17,116.89,117.17,115.85,116.56,116.95,116.79
117.17,117.36,117.07,117.35,115.86,116.57,117.02,116.84
117.35,117.44,117.3,117.35,115.88,116.57,117.08,116.89
117.34,117.41,117.13,117.17,115.89,116.58,117.09,116.92
117.17,117.24,117.12,117.18,115.9,116.58,117.11,116.94
117.18,117.24,117.05,117.08,115.92,116.59,117.11,116.96
117.08,117.13,116.92,116.96,115.93,116.59,117.08,116.96
116.96,117.05,116.86,116.97,115.94,116.59,117.06,116.96
116.97,117.1,116.92,117.05,115.95,116.6,117.06,116.97
117.05,117.21,117.05,117.2,115.96,116.61,117.08,116.99
117.2,117.25,117.12,117.23,115.97,116.62,117.11,117.01
117.23,117.39,117.23,117.36,115.98,116.63,117.15,117.04
117.36,117.41,117.24,117.31,115.99,116.65,117.18,117.07
117.31,117.39,117.2,117.22,116,116.66,117.19,117.08
117.22,117.32,117.17,117.31,116.01,116.68,117.21,117.1
117.3,117.41,117.3,117.32,116.03,116.7,117.23,117.12
117.32,117.4,117.28,117.33,116.04,116.73,117.25,117.14
117.33,117.36,117.27,117.35,116.05,116.75,117.27,117.16
117.35,117.6,117.34,117.57,116.06,116.78,117.32,117.2
117.57,117.63,117.32,117.35,116.08,116.8,117.33,117.22
117.35,117.5,117.34,117.46,116.09,116.83,117.35,117.24
117.46,117.46,117.21,117.35,116.1,116.85,117.35,117.25
117.35,117.38,117.28,117.34,116.11,116.86,117.35,117.26
117.34,117.44,117.24,117.44,116.13,116.89,117.36,117.27
117.44,117.47,117.32,117.37,116.14,116.91,117.36,117.28
117.37,117.4,117.24,117.26,116.15,116.92,117.34,117.28
117.26,117.26,117.15,117.23,116.16,116.94,117.32,117.28
117.23,117.27,117.09,117.15,116.17,116.96,117.29,117.26
117.15,117.25,117.11,117.15,116.18,116.98,117.27,117.25
117.15,117.44,117.03,117.2,116.2,117,117.25,117.25
117.2,117.27,117.17,117.25,116.21,117.02,117.25,117.25
117.25,117.39,117.21,117.38,116.22,117.05,117.28,117.26
117.38,117.4,117.32,117.38,116.23,117.07,117.3,117.27
117.38,117.5,117.37,117.49,116.24,117.11,117.33,117.29
117.49,117.5,117.41,117.48,116.26,117.14,117.36,117.31
117.48,117.5,117.44,117.45,116.27,117.18,117.37,117.32
117.45,117.48,117.43,117.45,116.29,117.2,117.39,117.34
117.45,117.46,117.22,117.25,116.3,117.21,117.36,117.33
117.25,117.31,117.16,117.19,116.32,117.22,117.33,117.31
117.19,117.38,117.17,117.34,116.33,117.24,117.33,117.32
117.33,117.36,117.23,117.31,116.35,117.24,117.33,117.32
117.31,117.4,117.27,117.3,116.36,117.24,117.32,117.31
117.3,117.42,117.3,117.4,116.38,117.25,117.34,117.32
117.4,117.48,117.36,117.48,116.39,117.25,117.36,117.34
117.48,117.58,117.39,117.44,116.41,117.26,117.38,117.35
117.44,117.48,117.37,117.42,116.42,117.27,117.38,117.35
117.42,117.42,117.34,117.4,116.43,117.28,117.39,117.36
117.4,117.5,117.35,117.49,116.44,117.29,117.41,117.37
117.49,117.55,117.45,117.51,116.46,117.3,117.42,117.38
117.51,117.68,117.51,117.56,116.47,117.31,117.45,117.4
117.56,117.61,117.44,117.53,116.48,117.32,117.46,117.41
117.53,117.66,117.51,117.65,116.5,117.33,117.5,117.43
117.65,117.75,117.44,117.73,116.51,117.33,117.54,117.46
117.73,117.86,117.48,117.84,116.52,117.35,117.59,117.5
117.84,118.06,117.8,118.05,116.54,117.37,117.68,117.55
118.05,118.07,117.9,117.9,116.55,117.38,117.72,117.58
117.9,117.95,117.79,117.84,116.57,117.4,117.74,117.61
117.84,117.98,117.81,117.97,116.58,117.42,117.78,117.64
117.97,117.98,117.87,117.91,116.6,117.44,117.8,117.67
117.91,118.23,117.88,118.22,116.61,117.46,117.88,117.72
118.22,118.36,118.18,118.3,116.63,117.48,117.96,117.78
118.3,118.33,118.17,118.18,116.64,117.49,118,117.81
118.18,118.34,118.13,118.29,116.66,117.51,118.05,117.86
118.29,118.39,118.2,118.21,116.67,117.53,118.08,117.89
119.52,120.1,119.25,120.05,116.69,117.59,118.44,118.1
120.05,120.45,119.86,120.1,116.72,117.64,118.74,118.29
120.1,120.44,120.09,120.41,116.74,117.71,119.04,118.49
120.42,120.85,120.42,120.75,116.77,117.77,119.35,118.71
120.75,120.79,120.3,120.53,116.79,117.83,119.57,118.88
120.53,120.83,120.41,120.76,116.82,117.9,119.78,119.06
120.76,121,120.5,120.62,116.85,117.96,119.93,119.21
120.62,120.74,120.39,120.64,116.87,118.03,120.06,119.34
120.64,120.79,120.44,120.48,116.9,118.09,120.14,119.45
120.48,121.09,120.47,121.08,116.93,118.17,120.31,119.61
121.07,121.34,120.89,121.34,116.96,118.25,120.5,119.77
121.34,121.94,121.27,121.74,116.99,118.33,120.72,119.96
121.74,122.12,121.74,121.93,117.02,118.43,120.94,120.15
121.93,121.96,121.64,121.96,117.05,118.53,121.13,120.32
121.95,121.96,121.63,121.78,117.08,118.62,121.24,120.46
121.78,122.55,121.78,122.38,117.12,118.72,121.45,120.64
122.38,122.84,122.33,122.66,117.15,118.83,121.67,120.83
122.66,123.24,122.66,123.12,117.19,118.94,121.93,121.05
123.12,123.18,122.66,122.72,117.22,119.05,122.08,121.21
122.72,122.98,122.64,122.72,117.26,119.16,122.19,121.35
122.72,122.89,122.42,122.47,117.29,119.26,122.24,121.46
122.47,122.76,122.3,122.72,117.33,119.36,122.33,121.58
122.71,123.23,122.69,123.2,117.36,119.48,122.49,121.73
123.2,123.4,123.09,123.24,117.4,119.6,122.62,121.88
123.24,123.31,122.85,122.9,117.43,119.71,122.67,121.97
122.9,123.06,122.64,122.74,117.47,119.82,122.69,122.05
122.74,122.75,122.48,122.6,117.5,119.92,122.67,122.1
122.6,122.91,122.58,122.77,117.54,120.03,122.69,122.16
122.77,122.83,122.35,122.39,117.57,120.13,122.63,122.19
122.39,122.56,121.94,122.06,117.6,120.22,122.53,122.17
122.06,122.44,121.98,122.24,117.64,120.32,122.48,122.18
122.24,122.5,122.19,122.24,117.67,120.42,122.43,122.19
122.24,122.38,122.16,122.33,117.7,120.52,122.42,122.2
122.33,122.59,122.28,122.51,117.74,120.62,122.43,122.23
122.51,122.76,122.45,122.7,117.77,120.72,122.48,122.27
122.7,122.74,122.45,122.54,117.81,120.82,122.49,122.3
122.54,122.78,122.52,122.75,117.84,120.92,122.54,122.34
122.75,122.98,122.72,122.94,117.88,121.03,122.61,122.4
122.93,123.1,122.88,122.96,117.92,121.13,122.67,122.45
122.96,123.15,122.93,123.07,117.95,121.24,122.75,122.51
123.07,123.07,122.77,122.96,117.99,121.34,122.78,122.55
122.96,123.17,122.88,123.11,118.03,121.44,122.84,122.61
123.1,123.15,122.7,122.84,118.06,121.54,122.84,122.63
122.84,122.87,122.7,122.86,118.1,121.64,122.85,122.65
122.86,122.92,122.7,122.74,118.13,121.74,122.83,122.66
122.74,122.78,122.48,122.56,118.16,121.82,122.78,122.65
122.57,122.61,122.38,122.43,118.2,121.9,122.71,122.63
122.43,122.46,122.16,122.41,118.23,121.99,122.66,122.61
122.41,122.62,122.31,122.61,118.26,122.08,122.65,122.61
122.61,122.75,122.55,122.68,118.29,122.17,122.65,122.61
122.67,122.86,122.63,122.66,118.32,122.22,122.66,122.62
122.66,122.74,122.53,122.71,118.36,122.27,122.67,122.63
122.71,122.71,122.56,122.58,118.38,122.31,122.65,122.62
122.58,122.66,122.38,122.63,118.41,122.35,122.65,122.62
122.63,122.8,122.6,122.78,118.45,122.4,122.67,122.64
122.78,122.85,122.73,122.8,118.48,122.44,122.69,122.65
122.8,122.92,122.74,122.87,118.51,122.48,122.73,122.67
122.87,123.05,122.84,122.98,118.54,122.53,122.77,122.7
122.98,123.02,122.88,123.01,118.57,122.58,122.82,122.73
123,123.35,123,123.34,118.6,122.62,122.91,122.79
123.34,123.49,123.1,123.2,118.63,122.66,122.96,122.83
123.2,123.35,123.14,123.21,118.66,122.69,123.01,122.87
123.21,123.38,123.17,123.32,118.7,122.72,123.07,122.91
123.32,123.72,123.28,123.57,118.73,122.75,123.16,122.97
123.57,123.75,123.53,123.68,118.76,122.79,123.25,123.04
123.68,124.07,123.63,124.03,118.8,122.82,123.39,123.13
124.02,124.41,124.01,124.3,118.84,122.86,123.56,123.24
124.29,124.63,124.19,124.59,118.88,122.88,123.75,123.37
124.59,124.87,124.56,124.71,118.91,122.92,123.92,123.5
124.71,124.71,124.3,124.34,118.95,122.96,124,123.58
124.34,124.76,124.33,124.72,118.99,123,124.13,123.69
124.72,124.73,124.14,124.28,119.03,123.03,124.16,123.75
124.28,124.48,123.94,123.98,119.06,123.05,124.12,123.77
123.98,124.24,123.77,124.24,119.1,123.07,124.15,123.81
124.24,124.26,123.63,123.82,119.13,123.09,124.09,123.81
123.82,124.41,123.8,124.24,119.17,123.12,124.11,123.85
124.24,124.64,124.22,124.6,119.21,123.16,124.2,123.92
124.6,124.8,124.34,124.35,119.25,123.19,124.23,123.96
128.78,128.79,127.5,127.75,119.3,123.3,124.87,124.33
127.75,128.73,127.73,128.68,119.36,123.43,125.56,124.74
128.67,128.73,127.74,127.85,119.42,123.54,125.98,125.04
127.85,127.86,126.9,126.94,119.47,123.63,126.15,125.22
126.94,127.18,125.79,125.88,119.51,123.71,126.1,125.28
125.88,127.06,125.56,126.84,119.56,123.79,126.24,125.43
126.84,126.87,125.25,125.62,119.61,123.85,126.13,125.45
125.62,125.96,125,125.47,119.65,123.91,126.01,125.45
125.47,126.35,125.3,126.34,119.7,123.98,126.07,125.53
126.34,126.84,126.22,126.72,119.74,124.06,126.19,125.65
126.72,126.87,126.06,126.13,119.79,124.12,126.18,125.69
126.13,126.13,125.7,125.72,119.83,124.17,126.09,125.7
125.72,125.94,125.29,125.41,119.88,124.22,125.97,125.67
125.41,125.81,125.08,125.73,119.92,124.27,125.93,125.67
125.73,125.75,125.13,125.37,119.96,124.33,125.82,125.65
125.37,125.39,124.25,124.87,120,124.37,125.65,125.57
124.87,124.89,123.94,124.07,120.04,124.39,125.36,125.43
124.07,124.56,123.95,124.12,120.08,124.42,125.14,125.3
124.2,125.43,123.94,125.28,120.12,124.48,125.16,125.3
125.28,125.75,125.1,125.57,120.17,124.54,125.24,125.33
125.57,125.74,125.36,125.45,120.21,124.6,125.28,125.34
125.45,126.08,125.29,125.92,120.26,124.67,125.39,125.39
125.92,126.1,125.57,125.71,120.3,124.73,125.45,125.42
125.71,125.83,125.22,125.34,120.35,124.78,125.43,125.42
125.34,125.9,125.31,125.75,120.4,124.84,125.49,125.45
125.75,126.41,125.56,126.34,120.45,124.92,125.64,125.53
126.34,126.56,126.22,126.51,120.5,124.99,125.8,125.63
126.51,126.87,126.47,126.78,120.55,125.07,125.98,125.74
126.78,126.96,126.58,126.81,120.61,125.15,126.13,125.84
126.8,127.16,126.78,127.02,120.66,125.23,126.29,125.95
127.02,127.25,126.93,126.95,120.71,125.31,126.41,126.05
126.95,127.09,126.64,126.77,120.76,125.38,126.48,126.11
126.77,127.05,126.73,127.02,120.82,125.45,126.58,126.2
127.03,127.38,127.01,127.22,120.87,125.53,126.69,126.3
127.22,127.45,127.05,127.31,120.93,125.61,126.8,126.39
127.31,127.35,126.85,126.93,120.98,125.68,126.83,126.45
126.93,126.94,126.68,126.91,121.03,125.75,126.84,126.49
126.91,126.98,126.56,126.74,121.09,125.8,126.82,126.51
126.74,126.88,126.31,126.55,121.14,125.85,126.77,126.52
126.55,126.75,126.39,126.64,121.19,125.89,126.75,126.53
126.64,126.65,126.06,126.22,121.24,125.92,126.65,126.5
126.22,126.4,126.13,126.2,121.29,125.95,126.57,126.47
126.2,126.69,126,126.62,121.35,125.99,126.58,126.49
126.61,127,126.5,127,121.4,126.05,126.66,126.53
127,127,126.66,126.9,121.46,126.1,126.7,126.57
126.9,126.92,126.52,126.56,121.51,126.15,126.67,126.57
126.56,126.69,126.4,126.53,121.56,126.2,126.65,126.56
126.53,126.58,126.28,126.29,121.6,126.25,126.58,126.54
126.29,126.33,126.01,126.16,121.65,126.28,126.51,126.5
126.16,126.38,126.15,126.23,121.69,126.31,126.46,126.48
126.23,126.31,125.78,125.83,121.74,126.28,126.34,126.41
125.83,126.1,125.82,125.92,121.78,126.22,126.27,126.37
125.92,126.39,125.9,126.35,121.83,126.19,126.28,126.37
126.35,126.68,126.18,126.5,121.88,126.18,126.32,126.38
126.52,126.6,126.21,126.29,121.92,126.19,126.32,126.37
126.29,126.66,126.28,126.6,121.97,126.19,126.37,126.39
126.6,126.64,126.43,126.49,122.02,126.2,126.39,126.4
126.49,126.77,126.41,126.55,122.07,126.22,126.42,126.42
126.55,126.55,126.09,126.17,122.11,126.22,126.37,126.39
126.15,126.19,125.92,126.04,122.16,126.21,126.31,126.36
126.05,126.05,125.61,125.71,122.2,126.2,126.2,126.3
125.71,125.9,125.6,125.77,122.24,126.2,126.12,126.25
125.77,125.84,125.5,125.66,122.28,126.21,126.04,126.19
125.66,125.94,125.64,125.75,122.33,126.21,125.99,126.15
125.75,125.84,125.28,125.28,122.37,126.2,125.86,126.07
125.28,125.66,125.28,125.43,122.41,126.22,125.78,126.01
125.43,125.6,125.2,125.24,122.45,126.24,125.68,125.93
125.24,125.29,124.85,124.91,122.49,126.25,125.54,125.83
124.89,124.99,124.66,124.94,122.53,126.25,125.43,125.75
124.94,125.49,124.92,125.32,122.57,126.24,125.41,125.71
125.32,125.46,125.08,125.38,122.61,126.24,125.41,125.68
125.38,125.86,125.28,125.81,122.65,126.24,125.48,125.69
125.81,125.97,125.52,125.86,122.69,126.24,125.55,125.71
125.86,126.13,125.68,125.96,122.74,126.25,125.62,125.73
125.96,126.1,125.88,126.03,122.78,126.26,125.7,125.76
126.03,126.13,125.44,125.5,122.82,126.24,125.66,125.73
125.5,125.85,125.39,125.59,122.86,126.22,125.65,125.72
125.59,126,125.48,125.95,122.9,126.21,125.7,125.74
124.7,125.18,124.11,124.46,122.94,126.16,125.47,125.62
124.46,125.18,124.35,124.53,122.98,126.11,125.3,125.51
124.53,124.92,124.04,124.55,123.01,126.06,125.17,125.42
124.54,124.7,124.2,124.29,123.05,126.01,125.01,125.32
124.29,124.29,123.7,123.79,123.08,125.95,124.79,125.17
123.77,124.35,123.75,124.32,123.11,125.89,124.7,125.09
124.32,124.34,124.02,124.14,123.15,125.83,124.6,125
124.13,124.25,123.43,123.49,123.18,125.76,124.4,124.85
123.49,123.63,123.05,123.45,123.21,125.69,124.22,124.72
123.45,123.93,123.38,123.77,123.24,125.63,124.14,124.63
123.77,123.8,123.44,123.64,123.28,125.57,124.05,124.54
123.64,123.76,123.23,123.44,123.31,125.51,123.94,124.43
123.44,123.44,123.13,123.31,123.34,125.45,123.82,124.32
123.31,123.86,123.23,123.85,123.37,125.4,123.83,124.28
123.85,123.95,123.57,123.61,123.4,125.34,123.79,124.22
123.61,123.97,123.56,123.62,123.43,125.27,123.76,124.16
123.62,123.65,123.38,123.47,123.46,125.21,123.71,124.09
123.47,123.87,123.36,123.86,123.49,125.15,123.73,124.07
123.86,124.31,123.72,124.21,123.53,125.11,123.82,124.08
124.21,124.48,124.17,124.44,123.56,125.07,123.93,124.12
124.44,124.65,124.27,124.63,123.6,125.04,124.06,124.17
124.63,124.84,124.56,124.82,123.64,125.01,124.2,124.23
124.82,124.86,124.41,124.5,123.67,124.98,124.25,124.25
124.5,124.6,124.17,124.28,123.71,124.95,124.26,124.26
124.28,124.36,124.03,124.32,123.74,124.91,124.27,124.26
124.31,124.32,123.88,123.91,123.77,124.86,124.2,124.23
123.91,124.15,123.74,123.85,123.81,124.81,124.14,124.19
123.85,124.06,123.78,124.02,123.84,124.76,124.12,124.18
124.02,124.23,124,124.12,123.87,124.71,124.12,124.17
124.12,124.27,123.96,123.97,123.9,124.66,124.09,124.15
123.97,124.11,123.65,123.74,123.93,124.61,124.03,124.11
123.74,123.87,123.6,123.81,123.96,124.56,123.99,124.08
123.81,123.85,123.47,123.59,123.99,124.52,123.91,124.04
123.58,123.75,123.51,123.66,124.02,124.48,123.87,124
123.66,123.87,123.64,123.81,124.05,124.44,123.86,123.98
123.81,123.97,123.79,123.92,124.08,124.41,123.87,123.98
123.92,124,123.78,123.93,124.11,124.38,123.88,123.97
123.93,123.98,123.81,123.96,124.14,124.35,123.9,123.97
123.96,124.17,123.95,124.05,124.17,124.33,123.92,123.98
124.05,124.13,123.91,123.93,124.2,124.31,123.92,123.97
123.94,123.97,123.8,123.84,124.23,124.29,123.91,123.96
123.84,123.94,123.78,123.84,124.26,124.26,123.9,123.95
123.84,123.95,123.75,123.78,124.29,124.22,123.87,123.93
123.79,123.81,123.58,123.72,124.31,124.18,123.85,123.91
123.72,123.9,123.64,123.85,124.33,124.14,123.85,123.91
123.85,123.91,123.76,123.89,124.35,124.1,123.85,123.9
123.89,124.07,123.85,124.03,124.37,124.06,123.89,123.92
124.03,124.23,124.03,124.18,124.39,124.03,123.94,123.94
124.18,124.28,123.94,124,124.4,124,123.95,123.95
124,124,123.86,123.9,124.42,123.96,123.94,123.94
123.89,124.11,123.8,124.04,124.44,123.95,123.96,123.95
124.04,124.05,123.73,123.78,124.45,123.94,123.93,123.94
123.78,123.95,123.77,123.91,124.47,123.92,123.92,123.93
123.91,124,123.81,123.84,124.48,123.92,123.91,123.92
123.84,123.86,123.71,123.8,124.5,123.92,123.89,123.91
123.8,123.9,123.77,123.86,124.51,123.91,123.88,123.91
123.86,124,123.85,123.93,124.52,123.9,123.89,123.91
123.93,124,123.79,123.82,124.53,123.91,123.88,123.9
123.82,123.87,123.76,123.83,124.54,123.92,123.87,123.89
123.83,123.94,123.81,123.88,124.54,123.92,123.87,123.89
123.88,123.97,123.81,123.95,124.55,123.93,123.88,123.9
123.95,124.06,123.8,123.84,124.55,123.93,123.88,123.89
123.84,124.02,123.79,123.91,124.56,123.95,123.88,123.89
123.91,124.17,123.91,124.09,124.57,123.95,123.92,123.91
124.09,124.12,123.92,124,124.57,123.96,123.94,123.92
124,124.21,123.86,124.13,124.58,123.97,123.97,123.94
124.13,124.31,124.03,124.24,124.59,123.98,124.02,123.97
124.24,124.5,124.15,124.46,124.59,124,124.1,124.02
124.46,124.72,124.46,124.58,124.6,124,124.19,124.07
124.58,124.87,124.53,124.84,124.61,124.01,124.31,124.14
124.84,125,124.68,124.98,124.62,124.02,124.43,124.22
124.98,125.02,124.75,124.82,124.63,124.02,124.5,124.28
124.82,124.9,124.68,124.87,124.65,124.02,124.57,124.33
124.87,125.01,124.86,124.98,124.66,124.04,124.64,124.4
124.98,125.07,124.76,124.77,124.67,124.05,124.66,124.43
124.78,124.85,124.57,124.65,124.68,124.06,124.66,124.45
124.65,124.93,124.63,124.83,124.7,124.08,124.69,124.49
124.83,124.98,124.71,124.83,124.71,124.1,124.72,124.52
126.25,126.59,125.88,126.4,124.73,124.14,125.02,124.7
126.4,126.97,126.37,126.8,124.75,124.2,125.35,124.9
126.8,126.99,126.45,126.54,124.77,124.26,125.56,125.06
126.54,126.75,126.26,126.63,124.79,124.31,125.76,125.21
126.63,126.64,125.85,125.92,124.8,124.36,125.79,125.27
125.92,126.35,125.9,125.98,124.82,124.41,125.82,125.34
125.98,126.06,125.45,125.76,124.83,124.45,125.81,125.38
125.76,125.81,125.59,125.69,124.84,124.48,125.79,125.41
125.69,125.7,125.39,125.46,124.86,124.51,125.73,125.42
125.46,125.86,125.45,125.52,124.87,124.54,125.69,125.43
125.52,125.52,125.08,125.29,124.88,124.57,125.62,125.41
125.29,125.57,125.12,125.45,124.9,124.6,125.59,125.42
125.45,125.81,125.45,125.77,124.91,124.64,125.62,125.45
125.77,125.9,125.65,125.84,124.93,124.68,125.66,125.49
125.84,125.97,125.56,125.62,124.94,124.71,125.65,125.5
125.62,125.67,125.49,125.57,124.96,124.75,125.64,125.51
125.57,125.62,125.38,125.55,124.97,124.78,125.62,125.51
125.55,125.66,125.53,125.56,124.99,124.82,125.61,125.52
125.56,125.86,125.56,125.72,125,124.85,125.63,125.53
125.71,125.87,125.66,125.71,125.02,124.88,125.64,125.55
125.71,125.73,125.44,125.49,125.03,124.91,125.62,125.55
125.49,125.55,125.33,125.43,125.05,124.94,125.58,125.53
125.43,125.62,125.38,125.56,125.06,124.97,125.58,125.54
125.56,125.82,125.49,125.75,125.07,125.01,125.61,125.56
125.75,125.86,125.61,125.65,125.09,125.05,125.62,125.57
125.65,125.7,125.57,125.68,125.1,125.08,125.63,125.58
125.68,125.93,125.68,125.89,125.11,125.13,125.68,125.61
125.89,126.02,125.83,125.99,125.13,125.17,125.73,125.64
125.98,126.2,125.95,126.19,125.14,125.21,125.82,125.7
126.19,126.27,126.09,126.21,125.15,125.26,125.89,125.74
126.21,126.25,125.79,125.98,125.16,125.3,125.9,125.77
125.98,126.08,125.86,125.91,125.17,125.35,125.9,125.78
125.91,126.4,125.89,126.4,125.18,125.39,125.99,125.84
126.4,126.52,126.27,126.49,125.19,125.45,126.08,125.9
126.49,126.62,126.34,126.59,125.2,125.5,126.18,125.97
126.59,126.83,126.5,126.67,125.21,125.55,126.27,126.03
126.67,126.8,126.44,126.49,125.22,125.6,126.31,126.08
126.49,126.59,126.27,126.3,125.23,125.65,126.31,126.1
126.3,126.38,126.21,126.29,125.24,125.69,126.3,126.12
126.29,126.29,126.1,126.28,125.26,125.72,126.3,126.13
126.28,126.49,126.26,126.42,125.27,125.76,126.32,126.16
126.42,126.46,126.15,126.17,125.28,125.79,126.29,126.16
126.17,126.3,126.1,126.12,125.29,125.81,126.26,126.16
126.11,126.23,125.9,125.97,125.29,125.83,126.21,126.14
125.97,126.11,125.84,126.06,125.29,125.86,126.18,126.13
126.06,126.25,126.01,126.17,125.27,125.88,126.18,126.13
126.17,126.26,126.08,126.24,125.26,125.91,126.19,126.14
126.24,126.25,126.07,126.08,125.26,125.94,126.17,126.14
126.08,126.14,126.05,126.09,125.26,125.96,126.16,126.13
126.1,126.31,126.06,126.28,125.26,125.99,126.18,126.15
126.28,126.3,126.18,126.21,125.26,125.99,126.18,126.15
126.21,126.35,126.2,126.34,125.27,125.98,126.21,126.17
126.34,126.42,126.21,126.24,125.27,125.97,126.22,126.18
126.24,126.32,126.21,126.31,125.26,125.97,126.23,126.19
126.31,126.47,126.25,126.41,125.26,125.98,126.26,126.21
126.41,126.42,126.28,126.35,125.27,125.98,126.28,126.22
126.35,126.37,126.21,126.24,125.27,125.99,126.27,126.23
126.24,126.28,126.14,126.15,125.27,126,126.25,126.22
126.15,126.21,126.08,126.12,125.28,126.02,126.23,126.21
126.12,126.23,126.09,126.15,125.28,126.03,126.21,126.2
126.15,126.2,125.95,125.96,125.29,126.04,126.17,126.18
125.96,125.98,125.75,125.86,125.3,126.05,126.11,126.15
125.86,125.97,125.59,125.63,125.3,126.05,126.02,126.1
125.63,125.93,125.58,125.89,125.31,126.05,126,126.08
125.89,125.92,125.58,125.59,125.31,126.05,125.92,126.03
125.59,125.73,125.4,125.63,125.3,126.05,125.87,125.99
125.63,125.67,125.46,125.52,125.3,126.05,125.81,125.95
125.52,125.92,125.52,125.78,125.31,126.05,125.8,125.93
125.78,125.93,125.75,125.92,125.31,126.06,125.82,125.93
125.92,125.94,125.75,125.85,125.3,126.06,125.83,125.92
125.85,126.07,125.8,125.91,125.3,126.07,125.84,125.92
125.91,126.04,125.89,126.01,125.3,126.08,125.87,125.93
126.01,126.06,125.85,125.86,125.29,126.08,125.87,125.92
125.86,126.15,125.86,126.07,125.29,126.09,125.91,125.94
126.07,126.12,125.94,125.98,125.28,126.1,125.92,125.94
125.98,126.25,125.94,126.24,125.28,126.11,125.98,125.97
126.24,126.45,126.22,126.44,125.28,126.12,126.06,126.02
126.45,126.58,126.42,126.55,125.27,126.13,126.15,126.07
127.13,127.49,126.71,127.29,125.27,126.15,126.36,126.18
127.26,127.43,126.74,126.81,125.27,126.17,126.44,126.24
126.81,127.2,126.77,127.11,125.27,126.19,126.56,126.32
127.11,127.18,126.56,127.03,125.28,126.21,126.65,126.39
127.05,127.16,126.88,126.96,125.28,126.22,126.7,126.45
126.95,126.98,126.71,126.76,125.28,126.23,126.71,126.48
126.77,126.84,126.11,126.14,125.28,126.22,126.61,126.44
126.14,126.25,125.77,125.96,125.28,126.2,126.49,126.4
125.96,126.19,125.72,126.09,125.27,126.2,126.42,126.37
126.09,126.42,126,126.39,125.27,126.2,126.41,126.37
126.39,126.39,126.09,126.09,125.27,126.19,126.35,126.34
126.09,126.42,125.96,126.39,125.27,126.2,126.36,126.35
126.39,126.46,126.28,126.42,125.27,126.2,126.37,126.35
126.42,126.43,125.98,126.05,125.26,126.19,126.31,126.33
126.05,126.12,125.84,126.07,125.26,126.19,126.27,126.3
126.07,126.07,125.8,125.86,125.26,126.19,126.19,126.26
125.86,126.22,125.78,126.19,125.26,126.19,126.19,126.25
126.19,126.31,126.08,126.2,125.27,126.19,126.19,126.25
126.2,126.44,126.05,126.37,125.27,126.2,126.23,126.26
126.37,126.39,126.2,126.25,125.26,126.2,126.23,126.26
126.25,126.31,126.17,126.23,125.26,126.2,126.23,126.25
126.23,126.28,126,126.02,125.26,126.2,126.19,126.23
126.02,126.19,125.95,125.97,125.26,126.19,126.15,126.21
125.98,126.05,125.9,126,125.26,126.19,126.12,126.19
126,126.15,125.92,126.12,125.26,126.18,126.12,126.18
126.12,126.22,126.1,126.21,125.26,126.18,126.14,126.18
126.21,126.34,126.16,126.3,125.26,126.18,126.17,126.19
126.3,126.39,126.19,126.22,125.26,126.18,126.18,126.2
126.22,126.34,126.14,126.31,125.26,126.18,126.2,126.21
126.31,126.34,126.16,126.18,125.27,126.18,126.2,126.21
126.18,126.21,125.89,126.04,125.27,126.18,126.17,126.19
126.04,126.08,125.94,126.04,125.27,126.17,126.15,126.18
126.04,126.06,125.94,126.01,125.28,126.18,126.12,126.16
126.02,126.04,125.78,125.78,125.28,126.17,126.06,126.12
125.78,125.79,125.53,125.74,125.29,126.18,126,126.09
125.74,125.82,125.54,125.58,125.29,126.17,125.92,126.04
125.58,125.73,125.28,125.35,125.29,126.17,125.82,125.97
125.35,125.39,125.05,125.25,125.28,126.16,125.72,125.9
125.26,125.3,125.06,125.1,125.28,126.15,125.6,125.83
125.1,125.1,124.54,124.65,125.27,126.13,125.43,125.71
124.65,124.7,123.83,124.27,125.27,126.09,125.22,125.58
124.27,124.6,124.2,124.41,125.26,126.06,125.07,125.47
124.41,124.5,124.1,124.3,125.25,126.03,124.93,125.35
124.3,124.8,124.04,124.79,125.25,126.01,124.91,125.3
124.79,124.93,124.64,124.74,125.25,125.99,124.88,125.25
124.74,124.81,124.43,124.62,125.25,125.96,124.83,125.19
124.62,124.97,124.49,124.84,125.25,125.93,124.83,125.15
124.84,125.22,124.83,125.16,125.26,125.91,124.89,125.16
125.16,125.21,124.94,125.03,125.26,125.88,124.92,125.14
125.03,125.15,124.93,125.01,125.26,125.85,124.93,125.13
125.01,125.1,124.77,124.89,125.27,125.81,124.93,125.11
124.89,125.05,124.75,124.95,125.28,125.77,124.93,125.09
124.95,124.97,124.58,124.73,125.28,125.72,124.89,125.06
124.73,125.43,124.71,125.4,125.29,125.69,124.99,125.09
125.38,125.65,125.27,125.54,125.3,125.66,125.09,125.13
125.54,125.59,125.4,125.45,125.31,125.63,125.15,125.16
125.45,125.55,125.32,125.43,125.32,125.62,125.2,125.19
125.43,125.58,125.42,125.56,125.33,125.61,125.27,125.22
125.56,125.61,125.31,125.32,125.34,125.6,125.28,125.23
125.32,125.65,125.32,125.58,125.35,125.58,125.33,125.27
125.58,125.62,125.49,125.53,125.36,125.57,125.37,125.29
125.53,125.74,125.53,125.67,125.37,125.55,125.42,125.33
125.67,125.84,125.67,125.82,125.37,125.54,125.49,125.37
125.82,125.87,125.32,125.33,125.38,125.53,125.46,125.37
125.33,125.57,125.33,125.5,125.38,125.52,125.47,125.38
125.5,125.69,125.47,125.67,125.39,125.51,125.51,125.41
125.67,125.8,125.51,125.52,125.39,125.5,125.51,125.42
125.52,125.57,125.35,125.48,125.4,125.48,125.5,125.43
125.48,125.6,125.38,125.46,125.4,125.47,125.5,125.43
125.46,125.69,125.43,125.6,125.41,125.45,125.51,125.44
125.6,125.73,125.58,125.61,125.42,125.44,125.53,125.46
125.61,125.64,125.51,125.57,125.43,125.43,125.54,125.47
125.57,125.67,125.49,125.57,125.44,125.42,125.54,125.48
125.57,125.6,125.35,125.36,125.44,125.41,125.51,125.47
125.36,125.44,125.13,125.16,125.45,125.39,125.45,125.44
125.16,125.28,125,125.16,125.46,125.37,125.39,125.41
125.16,125.27,124.99,125.18,125.47,125.35,125.35,125.39
125.18,125.26,125.01,125.01,125.47,125.32,125.29,125.35
126,126.26,125.51,125.86,125.48,125.32,125.39,125.4
125.86,125.99,125.45,125.46,125.49,125.3,125.41,125.41
125.46,125.75,125.33,125.68,125.5,125.29,125.46,125.43
125.68,125.7,125.01,125.13,125.51,125.28,125.4,125.4
125.13,125.43,124.86,125.23,125.51,125.26,125.37,125.39
125.25,125.88,125.13,125.88,125.52,125.26,125.46,125.43
125.88,125.88,125.6,125.63,125.53,125.26,125.49,125.45
125.63,125.88,125.41,125.6,125.54,125.26,125.51,125.47
125.6,125.75,125.46,125.52,125.55,125.26,125.51,125.47
125.52,125.64,125.37,125.52,125.56,125.27,125.51,125.48
125.52,125.87,125.29,125.73,125.57,125.28,125.55,125.5
125.73,125.79,125.62,125.7,125.57,125.3,125.58,125.52
125.7,125.76,125.43,125.54,125.58,125.33,125.57,125.52
125.54,125.62,125.33,125.52,125.59,125.35,125.56,125.52
125.52,125.62,125.38,125.54,125.6,125.37,125.56,125.52
125.53,125.58,125.18,125.47,125.6,125.39,125.54,125.52
125.47,125.49,125.22,125.37,125.61,125.4,125.51,125.5
125.37,125.4,125.06,125.13,125.62,125.41,125.44,125.47
125.13,125.27,125,125.15,125.62,125.42,125.39,125.44
125.15,125.44,125.12,125.37,125.63,125.42,125.38,125.43
125.37,125.56,125.33,125.41,125.64,125.43,125.39,125.43
125.41,125.48,125.33,125.39,125.65,125.44,125.39,125.42
125.39,125.74,125.39,125.67,125.66,125.45,125.44,125.45
125.67,125.9,125.65,125.88,125.67,125.47,125.52,125.49
125.88,125.89,125.61,125.65,125.68,125.49,125.54,125.5
125.65,125.75,125.55,125.63,125.68,125.49,125.56,125.52
125.63,125.67,125.54,125.67,125.69,125.5,125.58,125.53
125.67,125.68,125.55,125.59,125.7,125.5,125.58,125.54
125.59,125.59,125.41,125.51,125.71,125.5,125.57,125.53
125.51,125.74,125.51,125.61,125.72,125.5,125.58,125.54
125.61,125.66,125.51,125.58,125.73,125.51,125.58,125.54
125.58,125.63,125.53,125.56,125.73,125.51,125.57,125.55
125.56,125.59,125.47,125.51,125.74,125.51,125.56,125.54
125.51,125.68,125.45,125.46,125.74,125.5,125.54,125.53
125.46,125.54,125.38,125.44,125.75,125.49,125.52,125.53
125.44,125.46,125.34,125.41,125.75,125.5,125.5,125.51
125.41,125.46,125.25,125.31,125.75,125.49,125.47,125.5
125.31,125.41,125.18,125.35,125.76,125.49,125.45,125.48
125.34,125.42,125.19,125.22,125.76,125.48,125.4,125.46
125.22,125.37,125.2,125.29,125.76,125.48,125.38,125.44
125.29,125.3,125.13,125.22,125.76,125.47,125.35,125.42
125.22,125.38,125.22,125.36,125.76,125.47,125.35,125.41
125.36,125.41,125.28,125.32,125.77,125.46,125.35,125.4
125.32,125.36,125.11,125.2,125.77,125.45,125.32,125.38
125.2,125.22,124.93,124.94,125.76,125.44,125.25,125.34
124.94,125.23,124.93,125.2,125.75,125.44,125.24,125.33
125.2,125.29,125.07,125.12,125.75,125.44,125.22,125.31
125.12,125.12,124.82,124.83,125.74,125.43,125.15,125.26
124.83,124.97,124.58,124.77,125.73,125.42,125.08,125.22
124.77,125.03,124.76,125.02,125.73,125.42,125.07,125.2
125.02,125.13,124.94,125.02,125.72,125.41,125.06,125.18
125.02,125.07,124.83,124.85,125.72,125.39,125.02,125.15
124.85,125.23,124.85,125.18,125.72,125.38,125.05,125.15
125.17,125.18,124.98,125.03,125.71,125.38,125.05,125.14
125.03,125.1,124.96,125,125.71,125.38,125.04,125.13
125,125.35,124.92,125.28,125.71,125.36,125.08,125.14
125.28,125.36,125.17,125.2,125.71,125.36,125.1,125.15
125.2,125.3,125.1,125.15,125.71,125.35,125.11,125.15
125.15,125.17,125.02,125.05,125.7,125.34,125.1,125.14
125.05,125.17,125,125.04,125.7,125.33,125.09,125.13
125.04,125.11,124.94,124.97,125.7,125.31,125.07,125.11
124.97,125.1,124.95,125.03,125.7,125.3,125.06,125.11
125.03,125.27,125.02,125.21,125.69,125.29,125.09,125.11
125.21,125.63,125.21,125.59,125.69,125.29,125.18,125.16
125.59,125.68,125.17,125.2,125.69,125.29,125.18,125.16
125.2,125.29,125.04,125.2,125.69,125.28,125.19,125.17
125.2,125.37,125.13,125.23,125.69,125.28,125.19,125.17
125.23,125.43,125.22,125.39,125.69,125.28,125.23,125.19
125.39,125.56,125.38,125.53,125.69,125.29,125.28,125.23
125.53,125.58,125.41,125.48,125.68,125.29,125.32,125.25
125.47,125.49,125.21,125.29,125.68,125.29,125.31,125.25
125.29,125.44,125.28,125.38,125.68,125.29,125.33,125.27
125.38,125.68,125.33,125.6,125.68,125.29,125.38,125.3
125.6,125.74,125.5,125.72,125.67,125.29,125.44,125.34
125.72,126.44,125.71,126.09,125.67,125.3,125.56,125.41
126.09,126.33,125.71,125.8,125.67,125.3,125.6,125.45
125.8,126.44,124.8,124.89,125.67,125.28,125.47,125.39
124.89,125.19,124.71,124.8,125.66,125.27,125.35,125.34
127.67,128.46,126.61,127.15,125.66,125.3,125.68,125.51
127.15,127.62,126,126.46,125.66,125.32,125.82,125.6
126.47,128.74,126.42,128.29,125.67,125.37,126.27,125.86
128.35,128.44,127.44,127.98,125.68,125.42,126.58,126.06
127.98,128.35,127.66,127.87,125.68,125.47,126.81,126.23
127.87,128.5,127.73,128.04,125.69,125.52,127.04,126.4
128.05,128.28,127.6,127.89,125.7,125.57,127.19,126.54
127.89,127.89,127.12,127.63,125.71,125.61,127.27,126.65
127.63,127.96,127.46,127.95,125.72,125.66,127.39,126.77
127.95,128.19,127.8,128.17,125.73,125.72,127.53,126.9
128.17,128.5,127.96,128.44,125.74,125.79,127.7,127.05
128.43,128.46,127.76,128.23,125.75,125.84,127.8,127.16
128.23,128.59,128,128.08,125.76,125.9,127.85,127.25
128.08,128.75,127.85,128.38,125.77,125.96,127.94,127.36
128.37,128.49,128.08,128.17,125.78,126.02,127.98,127.43
128.17,128.75,127.91,128.63,125.79,126.09,128.1,127.55
128.63,129.19,128.59,129.15,125.81,126.17,128.29,127.7
129.15,129.5,129.02,129.06,125.82,126.25,128.43,127.83
129.06,129.75,127.92,129.68,125.84,126.34,128.66,128.01
129.68,129.86,129.54,129.84,125.86,126.44,128.87,128.18
129.84,130.05,129.51,129.52,125.87,126.54,128.99,128.31
129.52,129.65,129.03,129.07,125.88,126.62,129,128.38
129.04,129.09,128.39,128.67,125.9,126.69,128.94,128.41
128.67,128.72,128,128.54,125.91,126.76,128.87,128.42
128.54,128.55,127.7,128.19,125.92,126.82,128.75,128.4
128.19,128.78,127.84,128.73,125.93,126.9,128.74,128.43
128.73,129,128.6,128.88,125.95,126.98,128.77,128.47
128.88,129.35,128.88,129.24,125.96,127.05,128.85,128.55
129.24,129.52,129.05,129.35,125.98,127.14,128.94,128.62
129.35,129.5,128.8,128.95,126,127.21,128.94,128.65
128.95,129,128.53,128.89,126.01,127.29,128.93,128.68
128.89,129.19,128.66,129.06,126.03,127.37,128.96,128.71
129.06,129.29,128.72,128.81,126.05,127.45,128.93,128.72
128.81,129.37,128.8,129.17,126.06,127.53,128.97,128.76
129.17,129.29,129,129.21,126.08,127.61,129.02,128.81
129.21,129.41,128.96,129.33,126.1,127.68,129.07,128.86
129.32,129.36,128.96,129.33,126.12,127.77,129.12,128.9
129.33,129.5,129.2,129.28,126.13,127.85,129.15,128.94
129.28,129.47,129.04,129.22,126.15,127.93,129.16,128.96
129.22,129.69,129.16,129.33,126.16,128.01,129.19,129
129.33,129.43,129.2,129.28,126.18,128.08,129.21,129.03
129.28,129.54,129.25,129.46,126.2,128.16,129.25,129.07
129.46,129.61,129.4,129.59,126.21,128.25,129.32,129.12
129.59,130.37,129.54,130.32,126.23,128.35,129.5,129.23
130.32,130.36,130.02,130.34,126.25,128.44,129.65,129.34
130.34,130.55,130.25,130.51,126.27,128.54,129.81,129.45
130.51,130.85,130.47,130.83,126.28,128.63,129.99,129.58
130.83,130.9,130.2,130.26,126.3,128.72,130.04,129.65
130.26,130.65,130.26,130.54,126.32,128.84,130.13,129.73
130.54,130.65,130.32,130.43,126.34,128.95,130.19,129.8
130.43,130.95,130.35,130.88,126.36,129.02,130.31,129.9
130.88,131,130.75,130.9,126.39,129.11,130.42,130
130.9,130.9,130.57,130.67,126.41,129.16,130.47,130.06
130.67,130.8,130.51,130.69,126.43,129.21,130.51,130.12
130.68,130.78,130.5,130.69,126.45,129.27,130.54,130.17
130.69,130.78,130.5,130.64,126.47,129.32,130.56,130.22
130.64,130.89,130.64,130.8,126.5,129.38,130.6,130.27
130.8,130.88,130.72,130.78,126.52,129.44,130.63,130.32
130.78,130.85,130.58,130.72,126.54,129.5,130.65,130.36
130.72,130.77,130.6,130.63,126.57,129.55,130.64,130.38
130.63,130.63,130,130.04,126.59,129.58,130.53,130.35
130.03,130.12,129.76,129.96,126.6,129.61,130.43,130.31
129.96,130.29,129.82,130.26,126.62,129.66,130.4,130.31
130.26,130.49,130.22,130.37,126.64,129.7,130.39,130.32
130.37,130.69,130.37,130.6,126.67,129.75,130.43,130.34
130.6,130.67,130.42,130.52,126.69,129.78,130.45,130.36
130.52,130.6,129.89,130.05,126.71,129.8,130.37,130.33
130.05,130.15,129.9,130.13,126.73,129.82,130.33,130.31
130.13,130.25,130,130.21,126.75,129.83,130.31,130.3
130.21,130.24,129.61,129.65,126.77,129.83,130.19,130.24
129.65,129.76,129.37,129.56,126.78,129.83,130.07,130.17
129.56,130,129.5,129.99,126.8,129.85,130.06,130.16
130,130.25,129.98,130.15,126.82,129.88,130.07,130.16
130.15,130.25,130.07,130.15,126.84,129.91,130.09,130.15
130.15,130.17,129.88,130.06,126.86,129.95,130.08,130.15
130.06,130.29,129.96,130.04,126.88,129.97,130.07,130.14
130.04,130.24,129.22,129.26,126.9,129.98,129.93,130.05
129.26,129.84,128.75,128.85,126.91,129.97,129.73,129.94
132.91,132.92,130.81,131.33,126.94,130.01,130.02,130.07
131.33,131.35,130.53,130.74,126.97,130.05,130.15,130.13
130.74,131.6,130.7,131.24,127,130.1,130.35,130.24
131.24,131.85,130.94,131.12,127.03,130.14,130.49,130.32
131.12,131.41,130.97,131.33,127.06,130.19,130.64,130.42
131.33,132.04,131.31,131.64,127.09,130.24,130.82,130.53
131.64,132.08,131.42,131.79,127.13,130.29,131,130.65
131.79,131.89,131.31,131.37,127.16,130.33,131.07,130.72
131.37,131.48,130.77,130.92,127.2,130.36,131.04,130.74
130.92,131.43,130.85,131.38,127.23,130.4,131.1,130.8
131.38,131.9,131.32,131.73,127.27,130.45,131.21,130.89
131.73,131.87,131.58,131.81,127.3,130.5,131.32,130.98
131.81,132.2,131.78,131.94,127.34,130.56,131.43,131.07
131.94,132.06,131.65,131.75,127.37,130.6,131.49,131.13
131.75,131.9,131.51,131.68,127.4,130.64,131.53,131.19
131.68,131.84,131.58,131.68,127.44,130.67,131.55,131.23
131.7,132,131.68,131.73,127.47,130.7,131.58,131.28
131.73,131.98,131.66,131.77,127.5,130.72,131.62,131.33
131.78,132,131.75,131.9,127.54,130.75,131.67,131.38
131.9,132.35,131.85,132.3,127.58,130.79,131.78,131.47
132.3,132.47,132.11,132.47,127.61,130.82,131.91,131.56
132.47,132.65,132.35,132.5,127.65,130.87,132.02,131.65
132.5,132.55,131.95,132.08,127.68,130.89,132.03,131.69
132.08,132.42,131.78,132.37,127.71,130.92,132.09,131.76
132.37,132.46,132.01,132.16,127.75,130.95,132.1,131.8
132.16,132.34,132,132.03,127.78,130.98,132.09,131.82
132.05,132.12,131.79,132.02,127.81,131,132.08,131.84
132.01,132.2,131.81,132.18,127.84,131.03,132.1,131.87
132.17,132.3,132.02,132.06,127.88,131.06,132.09,131.89
132.06,132.39,132.03,132.31,127.91,131.09,132.13,131.93
132.31,132.51,132.25,132.37,127.94,131.12,132.17,131.97
132.37,132.6,132.35,132.47,127.98,131.16,132.23,132.02
132.47,132.68,132.44,132.62,128.01,131.21,132.3,132.08
132.62,132.64,132.41,132.57,128.05,131.26,132.35,132.12
132.57,132.61,132.25,132.3,128.08,131.3,132.34,132.14
132.3,132.6,132.25,132.53,128.12,131.35,132.37,132.18
132.53,133.05,132.51,132.88,128.15,131.39,132.47,132.24
132.88,133.05,132.79,132.81,128.19,131.44,132.53,132.3
132.81,133,132.73,132.8,128.23,131.49,132.58,132.35
132.81,133.23,132.8,133.09,128.27,131.55,132.67,132.42
133.09,133.57,133.08,133.5,128.31,131.62,132.82,132.52
133.5,133.94,133.38,133.71,128.35,131.7,132.98,132.63
133.71,133.76,133.23,133.26,128.39,131.77,133.03,132.69
133.26,133.55,133.25,133.51,128.43,131.84,133.12,132.77
133.51,133.6,133.35,133.44,128.47,131.91,133.18,132.83
133.44,133.67,133.39,133.61,128.51,131.98,133.26,132.91
133.61,133.7,133.46,133.67,128.55,132.05,133.33,132.98
133.67,133.74,133.47,133.58,128.59,132.12,133.38,133.04
133.58,133.75,133.57,133.67,128.64,132.21,133.43,133.1
133.67,134.06,133.67,134.06,128.68,132.31,133.54,133.19
134.06,134.68,134.03,134.63,128.72,132.38,133.74,133.33
134.63,134.69,134.3,134.37,128.77,132.45,133.86,133.43
134.37,134.66,134.32,134.65,128.81,132.52,134,133.54
134.66,134.8,134.54,134.67,128.86,132.59,134.12,133.65
134.67,134.7,134.04,134.07,128.9,132.65,134.11,133.69
134.07,134.33,133.97,134.02,128.94,132.7,134.1,133.72
134.02,134.32,133.96,134.29,128.98,132.75,134.13,133.78
134.29,134.55,134.15,134.54,129.03,132.81,134.21,133.85
134.55,134.55,134.34,134.52,129.07,132.88,134.26,133.91
134.52,134.6,134.3,134.58,129.12,132.94,134.32,133.98
134.58,134.68,134.53,134.55,129.17,133,134.36,134.03
134.55,134.58,134.18,134.23,129.21,133.05,134.34,134.05
134.23,134.44,134.16,134.2,129.26,133.09,134.31,134.06
134.2,134.2,133.7,134.12,129.3,133.14,134.28,134.07
134.13,134.14,133.67,134.1,129.34,133.19,134.25,134.07
134.09,134.17,133.8,133.97,129.39,133.24,134.2,134.06
133.97,134.1,133.9,134.04,129.43,133.28,134.17,134.06
134.04,134.38,134,134.31,129.47,133.33,134.19,134.08
134.31,134.36,134.1,134.13,129.51,133.38,134.18,134.09
134.13,134.31,134.07,134.24,129.56,133.42,134.19,134.1
134.24,134.35,134.17,134.35,129.6,133.45,134.22,134.13
134.34,134.35,133.78,133.83,129.64,133.48,134.15,134.1
133.83,134.06,133.74,133.77,129.68,133.51,134.08,134.07
133.77,133.87,133.55,133.79,129.72,133.54,134.03,134.04
133.79,134.24,133.71,134.14,129.77,133.58,134.05,134.05
134.14,134.17,133.7,133.79,129.81,133.62,134,134.02
133.79,133.97,133.55,133.72,129.85,133.65,133.95,134
133.72,134.54,133.7,134.2,129.89,133.69,133.99,134.01
137.58,137.98,133.5,135.26,129.94,133.76,134.22,134.13
135.28,135.31,133.73,133.76,129.98,133.79,134.14,134.1
133.78,134.88,132.83,134.88,130.03,133.84,134.27,134.17
134.86,135.06,133.8,134.05,130.07,133.87,134.23,134.16
134.05,134.2,132.02,132.66,130.11,133.87,133.95,134.02
132.66,132.73,127,128.37,130.13,133.78,132.93,133.48
128.37,131.95,128.25,131.93,130.16,133.78,132.75,133.33
131.93,131.93,129.4,130.52,130.19,133.74,132.35,133.06
130.52,131.26,129.9,131.24,130.22,133.7,132.14,132.89
131.24,131.75,130.77,131.62,130.25,133.68,132.05,132.77
131.62,132.39,131.36,131.87,130.28,133.66,132.02,132.68
131.88,132.28,131.26,132.24,130.32,133.64,132.06,132.64
132.24,132.6,131.86,132.41,130.35,133.62,132.12,132.62
132.41,132.42,131.37,131.42,130.39,133.58,131.99,132.51
131.42,131.52,130.76,131.12,130.42,133.53,131.84,132.37
131.12,131.5,130.65,131.36,130.45,133.49,131.75,132.28
131.36,131.61,131.01,131.1,130.48,133.44,131.63,132.17
131.1,131.18,130.68,130.86,130.51,133.39,131.49,132.04
130.87,131.27,130.55,131.06,130.54,133.34,131.41,131.95
131.06,131.07,130.01,130.2,130.57,133.27,131.19,131.78
130.2,130.73,129.85,130.54,130.59,133.21,131.07,131.66
130.54,130.57,129.41,129.96,130.62,133.12,130.87,131.5
129.96,130.1,129.26,129.28,130.64,133.02,130.58,131.29
129.28,129.77,129.12,129.6,130.66,132.92,130.4,131.13
129.6,130.1,129.47,129.61,130.68,132.82,130.26,130.98
129.61,129.66,127.1,127.12,130.69,132.67,129.69,130.62
127.12,128.9,127.12,128.75,130.71,132.56,129.52,130.44
128.75,129.16,128.5,129.04,130.73,132.46,129.43,130.3
129.04,129.4,128.76,128.91,130.75,132.36,129.33,130.17
128.91,129.86,128.8,129.72,130.77,132.26,129.41,130.13
129.72,130.28,129.41,130.08,130.8,132.17,129.53,130.12
130.08,130.48,129.88,130.3,130.82,132.09,129.67,130.14
130.3,130.58,130.16,130.41,130.85,132,129.8,130.17
130.41,131.08,130.41,131.04,130.88,131.94,130.03,130.25
131.04,131.28,130.68,131.1,130.9,131.88,130.22,130.33
131.1,131.23,130.61,130.97,130.93,131.81,130.36,130.39
130.97,131.2,130.74,130.93,130.96,131.75,130.46,130.44
130.93,131,130.51,130.55,130.98,131.68,130.48,130.45
130.55,130.7,130.15,130.36,131.01,131.61,130.46,130.44
130.36,130.4,129.9,130.14,131.03,131.53,130.4,130.41
130.13,130.38,129.93,130.32,131.05,131.45,130.38,130.41
130.32,130.65,130.17,130.45,131.07,131.37,130.4,130.41
130.47,130.47,129.7,129.78,131.1,131.28,130.28,130.35
129.78,130.23,129.7,130.04,131.13,131.21,130.24,130.32
130.05,130.8,130.05,130.74,131.14,131.15,130.33,130.36
130.74,130.96,130.58,130.72,131.16,131.08,130.4,130.39
130.72,130.91,130.37,130.89,131.18,131.02,130.49,130.44
130.89,131.4,130.8,131.28,131.19,130.97,130.63,130.52
131.28,131.63,131.06,131.5,131.21,130.92,130.79,130.61
131.51,131.66,131.18,131.47,131.23,130.87,130.91,130.7
131.47,131.47,130.81,131.25,131.25,130.79,130.97,130.75
131.25,131.45,130.8,130.89,131.26,130.73,130.96,130.76
130.89,131.07,130.75,131.06,131.28,130.66,130.98,130.79
131.06,131.29,130.9,131.02,131.29,130.6,130.99,130.81
131.02,131.03,130.51,130.98,131.3,130.56,130.98,130.83
130.98,131.15,130.85,131.12,131.32,130.62,131.01,130.86
131.12,131.18,130.66,130.9,131.33,130.6,130.99,130.86
130.9,131.1,130.81,130.98,131.35,130.61,130.99,130.87
130.98,131.08,130.83,131.05,131.36,130.6,131,130.89
131.05,131.17,130.88,131.03,131.37,130.59,131,130.9
131.03,131.37,131,131.31,131.38,130.58,131.06,130.94
131.31,131.32,131,131.06,131.39,130.56,131.06,130.95
131.08,131.1,130.88,131.02,131.4,130.53,131.05,130.96
131.02,131.11,130.92,131.1,131.41,130.52,131.06,130.97
131.1,131.25,130.7,130.7,131.41,130.51,131,130.95
130.72,130.79,130.3,130.37,131.42,130.49,130.88,130.89
130.38,130.9,130.37,130.83,131.43,130.49,130.87,130.89
130.83,130.83,130.53,130.69,131.44,130.48,130.84,130.87
130.69,130.96,130.62,130.95,131.45,130.48,130.86,130.87
130.95,131.01,130.7,130.99,131.47,130.5,130.88,130.89
130.99,131.1,130.9,131.07,131.48,130.51,130.92,130.9
131.07,131.09,130.64,130.72,131.48,130.52,130.88,130.89
130.72,130.94,130.57,130.82,131.49,130.55,130.87,130.88
130.82,131,130.73,130.89,131.5,130.58,130.87,130.88
130.89,131.52,130.88,131.48,131.51,130.62,130.98,130.94
131.47,131.73,131.25,131.73,131.53,130.71,131.12,131.01
131.73,131.8,131.11,131.79,131.54,130.77,131.24,131.09
131.78,131.8,131.18,131.22,131.55,130.81,131.24,131.1
126.97,128.75,126.27,127.7,131.55,130.79,130.59,130.78
127.7,128.84,127.42,128.25,131.54,130.76,130.17,130.54
128.25,128.27,127.17,127.74,131.53,130.71,129.73,130.27
127.74,128.14,127.28,127.56,131.52,130.66,129.33,130.01
127.56,127.94,126.71,126.74,131.51,130.59,128.86,129.7
126.74,127.6,126.7,127.35,131.5,130.51,128.59,129.48
127.32,127.79,127.2,127.43,131.49,130.44,128.38,129.28
127.43,127.74,127.04,127.16,131.48,130.36,128.15,129.08
127.16,127.48,126.76,127.27,131.47,130.29,127.99,128.91
127.25,127.3,125.75,126.05,131.45,130.2,127.64,128.63
126.05,126.25,125.24,125.62,131.42,130.1,127.27,128.35
125.62,126.43,125.61,126.14,131.4,130.02,127.07,128.14
126.14,126.57,125.3,125.93,131.38,129.94,126.86,127.93
125.93,126.34,125.1,125.38,131.35,129.83,126.59,127.68
125.38,125.7,124.6,125.05,131.33,129.74,126.31,127.43
125.05,125.09,123.22,123.35,131.29,129.61,125.77,127.04
123.35,125.04,123.35,124.95,131.26,129.49,125.62,126.85
124.95,125.1,124.2,124.98,131.23,129.38,125.51,126.67
124.98,125.09,123.9,123.98,131.2,129.24,125.23,126.41
123.98,124.29,123.6,123.91,131.16,129.09,124.99,126.17
123.91,124.32,123.54,123.89,131.13,128.94,124.79,125.96
123.89,123.96,121.48,121.68,131.08,128.74,124.22,125.55
121.68,122.66,120.72,121.96,131.04,128.56,123.81,125.21
121.96,123.35,121.91,123.29,131,128.4,123.72,125.03
123.29,123.84,122.92,123.62,130.97,128.26,123.7,124.89
123.62,124.3,122.94,124.23,130.94,128.12,123.8,124.83
124.21,124.84,124.18,124.43,130.91,127.99,123.91,124.79
124.43,124.93,124.17,124.25,130.88,127.85,123.97,124.74
124.25,125.17,124.25,125.16,130.85,127.74,124.19,124.78
125.16,125.16,123.92,124.1,130.82,127.6,124.17,124.71
124.1,124.41,123.36,123.73,130.79,127.45,124.09,124.62
123.73,124.25,123.42,124.17,130.76,127.32,124.11,124.58
124.17,124.39,123.95,124.17,130.73,127.17,124.12,124.54
124.14,124.35,123.55,123.83,130.7,127.03,124.07,124.47
123.83,123.88,123.23,123.24,130.66,126.87,123.92,124.35
123.24,123.61,123.15,123.4,130.63,126.72,123.82,124.26
123.39,123.48,122.24,122.3,130.59,126.55,123.55,124.08
122.33,122.99,122.22,122.88,130.56,126.4,123.43,123.96
122.88,123.01,122.3,122.42,130.52,126.23,123.24,123.82
122.41,122.91,122.08,122.13,130.48,126.06,123.04,123.66
122.13,122.63,122.09,122.51,130.44,125.89,122.94,123.55
122.51,123.1,122.28,122.7,130.4,125.73,122.9,123.47
122.7,122.94,121.81,122.15,130.37,125.55,122.76,123.34
122.15,123,122.11,122.79,130.34,125.39,122.77,123.29
122.79,123.62,122.69,123.46,130.3,125.24,122.89,123.3
123.47,123.47,122.63,122.89,130.26,125.08,122.89,123.26
122.89,123.37,122.61,123.14,130.22,124.92,122.94,123.25
123.14,123.84,123,123.78,130.18,124.76,123.09,123.3
123.78,123.78,122.75,122.76,130.14,124.58,123.03,123.25
122.76,123.06,122.49,122.53,130.09,124.4,122.94,123.18
122.53,123.01,122.19,122.28,130.05,124.29,122.82,123.1
122.28,122.56,122.07,122.11,130,124.17,122.69,123
122.11,122.93,122.11,122.89,129.96,124.07,122.73,122.99
122.89,123,122.6,122.76,129.92,123.98,122.73,122.97
122.76,123.24,122.54,122.96,129.87,123.9,122.77,122.97
122.96,123.28,122.75,123.14,129.83,123.82,122.84,122.99
123.15,123.4,122.67,122.87,129.78,123.73,122.85,122.97
122.87,122.92,122.5,122.64,129.74,123.64,122.81,122.94
122.66,122.78,122.4,122.52,129.69,123.54,122.76,122.9
122.52,122.94,122.25,122.78,129.65,123.48,122.76,122.89
122.77,123.38,122.68,122.96,129.6,123.42,122.8,122.9
122.96,123.38,122.86,123.02,129.56,123.36,122.84,122.91
123.02,123.27,122.72,122.88,129.52,123.3,122.85,122.91
122.9,123,122.5,122.64,129.47,123.25,122.81,122.88
122.64,122.79,122.27,122.65,129.42,123.2,122.78,122.86
122.65,122.65,121.77,121.77,129.36,123.17,122.6,122.76
121.77,122.29,121.21,121.31,129.31,123.09,122.36,122.62
121.31,121.9,121.12,121.15,129.25,123.02,122.14,122.48
121.15,121.75,121.06,121.73,129.2,122.97,122.07,122.41
121.73,121.86,121.29,121.31,129.15,122.92,121.93,122.3
121.31,121.5,120.9,121.17,129.09,122.87,121.79,122.19
121.17,121.44,120.8,120.85,129.04,122.85,121.62,122.07
120.85,121.24,120.51,120.52,128.98,122.82,121.42,121.92
120.53,121.41,120.52,121.08,128.92,122.78,121.36,121.84
121.08,121.7,120.77,121.41,128.87,122.73,121.37,121.8
121.41,121.59,120.58,120.83,128.81,122.66,121.27,121.71
120.81,121.51,120.5,120.87,128.75,122.59,121.2,121.63
120.87,121.34,120.72,120.92,128.69,122.53,121.15,121.56
120,122.99,118.38,121.82,128.64,122.46,121.27,121.58
121.86,123.7,121.75,122.46,128.59,122.43,121.49,121.67
122.46,122.91,119.37,119.88,128.53,122.35,121.19,121.5
119.88,120.18,118.54,118.9,128.46,122.24,120.78,121.25
118.9,119.7,115.28,115.46,128.37,122.07,119.81,120.7
115.46,116.93,113.68,116.44,128.29,121.92,119.2,120.29
116.44,118.1,115.63,117.47,128.21,121.81,118.88,120.02
117.47,117.5,116.33,116.74,128.12,121.67,118.49,119.71
116.74,117.15,115.21,115.44,128.03,121.54,117.94,119.3
115.44,116.23,114.49,114.6,127.94,121.37,117.33,118.86
114.6,115.67,114,114.25,127.84,121.21,116.77,118.42
114.25,115.15,113.63,113.86,127.74,121.04,116.24,117.98
113.89,114.48,113.3,113.46,127.64,120.86,115.74,117.55
113.46,114.13,111.75,113.15,127.54,120.67,115.27,117.13
113.13,113.17,110.89,111.19,127.43,120.45,114.52,116.57
111.19,113.23,111,112.92,127.32,120.25,114.23,116.22
112.94,113.59,112.26,113.57,127.22,120.05,114.11,115.97
113.57,115.45,113.4,115.23,127.12,119.9,114.31,115.9
115.23,115.35,113.6,114.6,127.02,119.73,114.37,115.77
114.6,114.84,113.95,114.02,126.92,119.54,114.3,115.61
114.02,115.64,113.98,115.62,126.83,119.39,114.54,115.61
115.62,115.78,114.6,115.36,126.73,119.25,114.69,115.58
115.36,115.62,114.6,114.62,126.63,119.1,114.68,115.49
114.62,114.71,113.35,114.27,126.53,118.94,114.6,115.38
114.26,115.38,114.05,115.37,126.44,118.79,114.74,115.38
115.37,116.5,115.05,116.45,126.35,118.66,115.05,115.48
116.45,116.46,115.02,115.15,126.25,118.51,115.07,115.45
115.14,116.39,115.14,116.32,126.16,118.37,115.3,115.53
116.32,117.86,116.05,117.65,126.08,118.27,115.73,115.73
117.65,118.5,117.26,118.5,126,118.18,116.23,116
118.48,119.3,118.44,118.91,125.92,118.11,116.72,116.27
118.91,119.16,117.5,117.72,125.84,118.01,116.9,116.41
117.72,118.5,117.4,118.36,125.76,117.92,117.17,116.6
118.34,118.75,117.58,117.83,125.68,117.81,117.29,116.71
117.83,118.84,117.8,118.8,125.6,117.73,117.56,116.91
118.8,120.42,118.67,120.15,125.53,117.68,118.03,117.22
120.15,120.18,119.27,119.96,125.46,117.63,118.38,117.48
119.96,120.68,119.4,119.56,125.39,117.58,118.6,117.68
119.56,120.1,119.05,119.26,125.32,117.54,118.72,117.83
119.26,119.62,118.69,118.87,125.24,117.5,118.74,117.93
118.87,118.99,117.58,118.39,125.16,117.43,118.68,117.97
118.39,119.04,117.97,118.89,125.09,117.38,118.72,118.06
118.89,118.94,117.71,117.78,125.01,117.31,118.55,118.03
117.78,118.32,117.36,118.17,124.93,117.26,118.48,118.05
118.17,118.2,117.58,117.94,124.84,117.21,118.38,118.04
117.94,117.94,116.33,116.42,124.76,117.12,118.02,117.88
116.42,117.48,116.37,117.34,124.67,117.03,117.9,117.83
117.34,117.94,117.06,117.48,124.59,116.97,117.82,117.8
117.48,117.49,116.76,117.01,124.51,116.89,117.68,117.72
117.01,117.99,116.57,117.69,124.45,116.83,117.68,117.72
117.69,117.86,117.24,117.73,124.38,116.74,117.69,117.72
117.73,118.15,117.64,117.72,124.32,116.65,117.69,117.72
117.72,118.04,117.33,118.03,124.25,116.61,117.75,117.75
118.03,118.64,117.8,118.57,124.19,116.61,117.9,117.83
118.57,118.78,118.28,118.5,124.12,116.67,118.01,117.89
118.48,118.9,118.08,118.66,124.05,116.71,118.13,117.96
118.66,118.76,118.31,118.34,123.98,116.73,118.17,118
118.34,119.19,118.32,118.87,123.92,116.77,118.29,118.08
118.87,119.19,118.68,119.01,123.86,116.84,118.42,118.17
119.01,119.68,119,119.46,123.8,116.94,118.61,118.29
119.46,119.56,118.81,119.24,123.74,117.04,118.73,118.38
119.24,120.42,119.24,120.21,123.69,117.17,119,118.56
120.21,120.74,120.12,120.15,123.63,117.3,119.21,118.71
120.15,121,120.1,120.41,123.58,117.44,119.43,118.87
120.41,120.81,120.2,120.71,123.54,117.64,119.66,119.05
120.71,121.68,120.69,121.51,123.49,117.81,120,119.28
121.51,121.66,120.89,121.61,123.45,117.97,120.29,119.5
121.61,121.98,121.29,121.95,123.42,118.1,120.59,119.74
121.95,121.97,120.69,120.94,123.37,118.23,120.65,119.85
120.92,121.82,120.85,121.55,123.35,118.38,120.82,120.01
121.55,122.5,121.53,122.45,123.31,118.52,121.11,120.24
122.45,122.7,122,122.42,123.28,118.66,121.35,120.45
122.42,122.5,121.67,122.19,123.25,118.81,121.5,120.62
122.19,122.34,121.06,121.56,123.21,118.95,121.51,120.71
121.56,121.9,121.1,121.17,123.16,119.07,121.45,120.75
121.17,121.77,120.43,121.09,123.12,119.16,121.39,120.78
121.04,122,120.7,121.73,123.07,119.3,121.45,120.87
121.76,121.87,120.87,120.9,123.02,119.39,121.35,120.88
113.74,116.12,113.25,115.52,122.94,119.34,120.29,120.37
115.52,116.79,115.07,116.1,122.87,119.3,119.53,119.96
116.1,116.1,114.05,115.37,122.79,119.23,118.77,119.52
115.37,116.44,114.8,115.16,122.71,119.17,118.11,119.11
115.16,116.38,114.81,115.83,122.64,119.12,117.7,118.79
115.83,117.3,115.7,117.28,122.58,119.11,117.62,118.65
117.26,117.34,116.19,116.56,122.51,119.07,117.43,118.45
116.56,117.6,116.27,117.25,122.44,119.01,117.4,118.34
117.25,118.42,117.1,118.42,122.39,118.98,117.58,118.34
118.42,118.99,117.81,117.89,122.33,118.95,117.64,118.3
117.89,118.32,117.12,118.14,122.26,118.92,117.73,118.29
118.15,118.79,117.86,118.06,122.2,118.91,117.79,118.26
118.06,118.47,117.16,117.57,122.13,118.89,117.75,118.2
117.57,117.65,116.64,117.24,122.06,118.86,117.66,118.11
117.24,117.34,116.22,117.06,121.99,118.84,117.55,118.01
117.07,117.08,116.27,116.3,121.91,118.81,117.32,117.85
116.3,117.08,116.12,116.62,121.84,118.78,117.19,117.73
116.62,117.22,116.3,116.74,121.77,118.79,117.11,117.63
116.74,116.79,115.8,116.06,121.7,118.76,116.92,117.48
116.06,116.53,115.64,116.23,121.62,118.74,116.8,117.37
116.23,117.13,116.19,116.69,121.55,118.73,116.78,117.3
116.69,118.05,116.57,117.84,121.48,118.73,116.97,117.35
117.84,117.97,116.71,116.85,121.41,118.71,116.95,117.3
116.85,117.41,116.53,117.28,121.34,118.71,117.01,117.3
117.28,117.56,116.16,116.5,121.27,118.68,116.91,117.22
116.5,116.59,116.05,116.18,121.2,118.63,116.78,117.13
116.18,116.2,115.69,116.09,121.12,118.58,116.66,117.03
116.1,116.22,115.55,116.08,121.05,118.53,116.55,116.94
116.08,116.15,115.5,115.79,120.97,118.48,116.41,116.83
115.78,116.43,115.61,116.28,120.9,118.42,116.39,116.78
116.28,116.49,115.8,116.27,120.82,118.37,116.37,116.73
116.27,116.5,116,116.38,120.75,118.31,116.37,116.69
116.38,116.61,115.8,115.85,120.68,118.24,116.27,116.61
115.85,116.3,115.7,116.06,120.61,118.16,116.23,116.56
116.06,116.69,115.76,116.36,120.53,118.08,116.26,116.54
116.36,116.51,115.85,115.98,120.46,117.99,116.21,116.49
115.98,116.33,115.91,116.05,120.38,117.9,116.18,116.45
116.05,116.65,115.96,116.35,120.31,117.8,116.21,116.44
116.36,116.75,116.18,116.7,120.24,117.7,116.3,116.46
116.69,117.21,116.58,116.87,120.17,117.6,116.4,116.5
116.88,117.15,116.44,116.86,120.1,117.52,116.48,116.53
116.86,117.02,116.65,116.92,120.02,117.42,116.56,116.57
116.92,117.06,116.42,116.45,119.95,117.3,116.54,116.56
116.45,116.55,115.95,115.99,119.87,117.17,116.44,116.51
115.99,116.57,115.88,116.54,119.82,117.06,116.46,116.51
116.54,116.78,116.4,116.56,119.76,116.96,116.48,116.51
116.56,116.58,116.12,116.41,119.7,116.87,116.47,116.5
116.41,116.43,116,116.1,119.64,116.77,116.4,116.47
116.1,116.32,115.89,116.2,119.59,116.66,116.36,116.44
116.2,116.5,115.96,116.14,119.53,116.56,116.32,116.41
116.14,116.42,115.94,116.16,119.48,116.57,116.29,116.39
116.15,116.23,115.89,116.02,119.42,116.57,116.24,116.35
116.02,116.3,115.8,116.14,119.37,116.59,116.22,116.33
116.11,116.14,115.64,115.79,119.31,116.6,116.14,116.28
115.77,116.03,115.52,115.53,119.26,116.59,116.03,116.21
115.53,115.91,115.5,115.79,119.21,116.56,115.99,116.17
115.79,115.96,115.4,115.52,119.16,116.54,115.9,116.11
115.52,115.64,115.01,115.07,119.11,116.5,115.75,116.01
115.07,115.37,115,115.07,119.06,116.43,115.63,115.92
115.07,115.3,115,115.08,119.02,116.38,115.53,115.84
115.09,115.25,114.91,115.19,118.97,116.32,115.47,115.78
115.18,115.25,114.55,114.68,118.92,116.25,115.32,115.67
114.68,114.74,114.11,114.16,118.87,116.18,115.11,115.53
114.16,114.42,113.94,114.18,118.82,116.12,114.94,115.4
114.18,114.49,113.52,113.76,118.77,116.05,114.73,115.24
113.76,114.75,113.47,114.49,118.73,116.02,114.68,115.17
114.49,114.51,113.59,113.64,118.69,115.96,114.49,115.03
113.64,113.89,113.5,113.65,118.64,115.9,114.34,114.89
113.65,114,113.6,113.84,118.59,115.85,114.25,114.79
113.84,114.13,113.54,113.63,118.54,115.8,114.14,114.68
113.63,114.2,113.61,113.8,118.49,115.74,114.08,114.6
113.81,114.41,113.73,114.26,118.44,115.67,114.11,114.57
114.26,114.48,113.75,113.77,118.38,115.61,114.05,114.49
113.77,114.12,113.72,113.81,118.33,115.54,114,114.43
113.81,114,113.63,113.67,118.28,115.48,113.94,114.35
113.65,113.72,113.12,113.4,118.23,115.43,113.84,114.26
113.4,113.58,113.1,113.14,118.17,115.37,113.72,114.16
113.15,113.35,112.68,112.83,118.12,115.3,113.56,114.03
117.3,118,116.01,116.88,118.08,115.32,114.16,114.3
116.88,116.96,115.26,115.59,118.04,115.31,114.42,114.42
115.59,116.65,115.52,116.41,118.02,115.31,114.78,114.61
116.41,116.63,115.64,115.93,117.98,115.3,114.99,114.74
115.9,116.29,115.32,116.09,117.95,115.31,115.19,114.87
116.09,116.49,115.8,116.39,117.92,115.32,115.41,115.01
116.39,117.26,116.24,116.88,117.89,115.33,115.68,115.19
116.88,116.99,116.08,116.26,117.86,115.33,115.78,115.29
116.26,116.59,115.81,116.48,117.83,115.34,115.91,115.41
116.49,116.88,116.23,116.29,117.8,115.34,115.98,115.49
116.29,116.66,116.19,116.46,117.76,115.34,116.07,115.58
116.46,117.7,116.44,117.62,117.74,115.35,116.35,115.78
117.62,117.8,117.05,117.08,117.71,115.35,116.48,115.9
117.09,117.91,116.92,117.82,117.68,115.37,116.72,116.08
117.82,118.09,117.33,117.56,117.65,115.39,116.88,116.22
117.56,118.18,117.53,117.83,117.63,115.43,117.05,116.38
117.82,118.07,117.45,117.64,117.6,115.45,117.16,116.5
117.65,118.02,117.65,117.85,117.58,115.48,117.28,116.63
117.85,118.46,117.84,118.29,117.56,115.52,117.47,116.78
118.3,118.47,117.5,117.52,117.53,115.55,117.48,116.85
117.52,117.83,117.31,117.59,117.51,115.57,117.5,116.92
117.59,117.85,116.97,117.47,117.48,115.6,117.49,116.98
117.47,117.9,117.38,117.82,117.45,115.63,117.55,117.06
117.83,117.94,117.69,117.84,117.43,115.67,117.6,117.13
117.84,117.92,117.38,117.6,117.41,115.7,117.6,117.18
117.6,117.91,117.57,117.86,117.38,115.74,117.65,117.24
117.87,117.87,117.32,117.59,117.35,115.78,117.64,117.27
117.59,117.85,117.51,117.76,117.33,115.82,117.66,117.32
117.76,118,117.64,117.89,117.3,115.87,117.7,117.37
117.9,118,117.67,117.85,117.28,115.92,117.73,117.42
117.85,118.01,117.66,118,117.26,115.98,117.78,117.47
118,118.1,117.71,117.92,117.24,116.04,117.8,117.52
117.92,118.31,117.92,118.15,117.22,116.1,117.87,117.58
118.15,118.28,117.98,118.25,117.21,116.17,117.94,117.64
118.25,118.27,117.76,117.96,117.19,116.25,117.94,117.67
117.96,118.12,117.87,117.98,117.17,116.32,117.95,117.7
117.98,118.24,117.8,117.92,117.15,116.4,117.94,117.72
117.92,118.12,117.89,118.03,117.14,116.48,117.96,117.75
118.03,118.3,118,118.27,117.13,116.57,118.01,117.8
118.27,118.43,118.16,118.32,117.11,116.66,118.07,117.85
118.32,118.5,118.15,118.21,117.1,116.75,118.09,117.88
118.2,118.53,118.2,118.42,117.09,116.84,118.15,117.93
118.42,118.76,118.41,118.71,117.08,116.94,118.25,118.01
118.7,119.12,118.66,119.09,117.07,117.04,118.41,118.11
119.09,119.14,118.72,118.78,117.05,117.14,118.47,118.17
118.78,118.8,118.08,118.21,117.03,117.23,118.43,118.18
118.21,118.54,118.21,118.5,117.02,117.32,118.44,118.21
118.5,118.63,118.26,118.3,117.02,117.42,118.41,118.22
118.3,118.4,117.92,118.1,117.03,117.52,118.36,118.21
118.1,118.26,117.74,118,117.04,117.62,118.29,118.19
118.01,118.08,117.51,117.56,117.04,117.64,118.16,118.13
117.56,118.01,117.56,117.93,117.05,117.69,118.12,118.11
117.95,117.97,117.74,117.88,117.06,117.71,118.07,118.09
117.88,117.89,117.3,117.42,117.07,117.74,117.95,118.02
117.42,117.59,117.15,117.25,117.09,117.77,117.83,117.95
117.25,117.65,117.1,117.37,117.11,117.79,117.74,117.89
117.39,117.76,117.34,117.49,117.13,117.8,117.7,117.86
117.49,117.89,117.48,117.83,117.15,117.83,117.72,117.85
117.83,117.83,117.62,117.68,117.18,117.85,117.71,117.84
117.68,117.8,117.35,117.52,117.21,117.88,117.68,117.81
117.52,117.88,117.52,117.87,117.23,117.91,117.71,117.81
117.87,118.29,117.78,118.23,117.24,117.92,117.81,117.85
118.23,118.26,117.93,118.02,117.26,117.94,117.85,117.87
118.02,118.08,117.75,117.83,117.28,117.94,117.84,117.86
117.83,118.18,117.77,118.04,117.29,117.95,117.88,117.88
118.04,118.16,117.75,117.87,117.3,117.95,117.88,117.88
117.87,118.08,117.87,117.95,117.32,117.95,117.89,117.89
117.95,118.03,117.82,118.01,117.34,117.96,117.91,117.9
118.01,118.02,117.52,117.54,117.35,117.94,117.84,117.86
117.54,118,117.53,117.88,117.36,117.95,117.85,117.87
117.87,117.94,117.69,117.81,117.37,117.95,117.84,117.86
117.81,117.95,117.78,117.8,117.38,117.96,117.84,117.85
117.8,118.15,117.71,118.02,117.38,117.97,117.87,117.87
118.02,118.08,117.64,117.64,117.37,117.96,117.83,117.85
117.64,117.8,117.5,117.59,117.37,117.96,117.78,117.82
117.58,117.58,116.8,117.38,117.37,117.95,117.71,117.78
117.38,118.12,117.02,118.11,117.37,117.96,117.78,117.81
118.11,118.15,117.17,117.18,117.36,117.95,117.67,117.75
120.37,120.5,118.99,119.43,117.36,117.98,117.99,117.91
119.43,119.46,118.69,118.81,117.36,118,118.14,118
118.81,119.23,118.42,118.8,117.35,118.02,118.26,118.07
118.8,119.2,118.43,118.66,117.35,118.03,118.33,118.13
118.66,118.79,118.12,118.7,117.35,118.04,118.4,118.18
118.7,119.03,118.63,118.96,117.35,118.06,118.5,118.26
118.96,119.62,118.9,119.53,117.35,118.09,118.69,118.38
119.53,119.64,118.95,119.17,117.35,118.11,118.78,118.45
119.17,119.29,118.77,118.97,117.36,118.13,118.81,118.5
118.97,119.27,118.87,118.93,117.36,118.15,118.83,118.54
118.94,119.04,118.65,118.77,117.37,118.16,118.82,118.56
118.77,118.79,118.18,118.22,117.38,118.16,118.71,118.53
118.2,118.69,118.2,118.65,117.38,118.17,118.7,118.54
118.65,118.67,118.18,118.35,117.39,118.17,118.64,118.52
118.35,118.43,117.5,117.54,117.39,118.14,118.44,118.43
117.54,117.78,116.8,116.87,117.38,118.1,118.15,118.28
116.87,117.47,116.73,117.28,117.38,118.07,117.99,118.19
117.28,117.33,116.03,116.15,117.37,118.03,117.66,117.99
116.15,116.44,115.56,116.43,117.37,117.99,117.43,117.84
116.43,116.9,116.26,116.77,117.36,117.95,117.31,117.74
116.77,117.16,116.33,116.81,117.35,117.93,117.22,117.65
116.81,116.95,116.17,116.76,117.34,117.9,117.14,117.57
116.76,117.27,116.7,117.12,117.33,117.9,117.13,117.52
117.12,117.54,117.06,117.53,117.33,117.89,117.21,117.52
117.52,117.52,116.75,116.81,117.32,117.87,117.13,117.46
116.81,117.44,116.81,117.38,117.31,117.87,117.18,117.45
117.38,117.7,117.28,117.55,117.3,117.87,117.25,117.46
117.55,117.62,117.09,117.52,117.28,117.87,117.3,117.46
117.52,117.52,117.21,117.25,117.27,117.87,117.29,117.44
117.25,117.25,116.62,116.89,117.25,117.85,117.22,117.39
116.89,117.2,116.42,116.68,117.23,117.83,117.12,117.32
116.68,117.09,116.67,116.92,117.21,117.82,117.08,117.29
116.92,117.37,116.81,116.84,117.18,117.8,117.04,117.24
116.84,117.11,116.45,116.82,117.16,117.77,117,117.2
116.82,116.83,116.15,116.48,117.14,117.74,116.9,117.13
116.48,116.7,116.36,116.55,117.11,117.71,116.84,117.08
116.55,116.8,116.32,116.5,117.08,117.68,116.78,117.02
116.5,116.54,115.84,115.91,117.05,117.64,116.62,116.92
115.91,116.34,115.81,115.94,117.02,117.6,116.49,116.82
115.94,116.43,115.86,116.21,116.99,117.57,116.44,116.76
116.2,116.55,116.12,116.35,116.97,117.54,116.43,116.72
116.35,116.62,116.35,116.45,116.94,117.51,116.43,116.7
116.45,116.83,116.16,116.75,116.92,117.49,116.49,116.7
116.75,116.75,116.3,116.71,116.9,117.47,116.53,116.7
116.71,116.9,116.3,116.31,116.9,117.44,116.49,116.67
116.31,116.75,116.31,116.7,116.91,117.42,116.53,116.67
116.7,116.71,116.46,116.47,116.91,117.4,116.52,116.65
116.47,116.59,115.95,116.13,116.92,117.37,116.45,116.6
116.13,116.39,116.13,116.22,116.92,117.33,116.41,116.56
116.22,116.34,115.79,115.84,116.91,117.31,116.3,116.5
115.84,115.96,115.67,115.71,116.91,117.23,116.19,116.42
115.72,116,115.6,115.73,116.9,117.17,116.11,116.35
115.73,115.83,115.32,115.38,116.88,117.1,115.98,116.26
115.37,115.65,115.2,115.27,116.87,117.03,115.85,116.17
115.27,115.86,115.2,115.86,116.86,116.98,115.85,116.14
115.86,115.86,115.15,115.34,116.85,116.91,115.76,116.06
115.34,115.45,115.09,115.13,116.83,116.82,115.64,115.97
115.13,115.2,114.73,114.75,116.82,116.73,115.48,115.86
114.75,114.95,114.15,114.21,116.81,116.63,115.25,115.7
114.22,114.47,113.04,113.1,116.79,116.52,114.86,115.45
113.1,114.1,112.96,113.83,116.78,116.42,114.67,115.3
113.83,114.3,113.57,114.23,116.76,116.34,114.59,115.2
114.23,114.23,113.5,113.56,116.75,116.24,114.4,115.04
113.56,114.29,113.5,114.2,116.74,116.15,114.37,114.96
114.2,114.28,113.74,113.84,116.73,116.08,114.27,114.85
113.84,114.36,113.63,114.2,116.71,116.03,114.26,114.79
114.2,114.26,113.32,113.41,116.69,115.95,114.1,114.66
113.42,113.48,112.7,112.81,116.67,115.88,113.87,114.48
112.81,113.17,112.51,112.88,116.65,115.81,113.69,114.33
112.88,113.14,112.5,112.69,116.63,115.73,113.51,114.17
112.69,113.14,112.55,112.72,116.62,115.65,113.36,114.04
112.72,113.48,112.56,113.35,116.6,115.58,113.36,113.97
113.35,114.04,113.14,113.76,116.59,115.51,113.43,113.95
113.76,113.87,113.15,113.69,116.58,115.44,113.48,113.92
113.68,114.24,113.51,113.99,116.57,115.38,113.57,113.93
113.98,114.1,113.21,113.41,116.55,115.3,113.54,113.88
113.41,114.07,113.26,113.71,116.54,115.22,113.57,113.86
113.71,114.05,113.24,113.48,116.53,115.14,113.56,113.83
114.68,115.23,113.36,113.53,116.52,115.07,113.55,113.8
113.53,114.31,113.39,113.99,116.51,115.01,113.63,113.82
113.99,114.58,113.11,113.17,116.49,114.94,113.55,113.76
113.17,114.28,113.05,114.23,116.48,114.89,113.67,113.8
114.23,114.25,113.61,113.77,116.47,114.82,113.69,113.8
113.77,113.83,112.26,112.72,116.45,114.74,113.51,113.7
112.72,112.95,112.04,112.45,116.42,114.66,113.32,113.58
112.45,112.8,111.5,111.76,116.4,114.57,113.04,113.4
111.76,112,110,111.95,116.38,114.48,112.84,113.27
111.95,112.82,111.39,112.73,116.36,114.41,112.82,113.21
112.74,113.18,112.51,112.85,116.34,114.35,112.83,113.18
112.85,113.09,112.36,112.7,116.32,114.28,112.8,113.13
112.7,113.04,111.95,112.4,116.3,114.2,112.73,113.06
112.4,112.69,111.86,112.12,116.28,114.11,112.62,112.97
112.12,112.88,112.03,112.88,116.26,114.04,112.67,112.97
112.88,113.47,112.82,113.41,116.25,113.97,112.8,113.01
113.4,113.66,112.91,113.01,116.24,113.9,112.84,113.01
113.04,113.07,112.5,112.58,116.22,113.82,112.79,112.97
112.58,113.18,112.53,113.14,116.2,113.76,112.86,112.98
113.13,113.73,113.07,113.71,116.19,113.71,113.01,113.05
113.71,113.82,113.13,113.76,116.18,113.66,113.15,113.12
113.76,113.87,113.28,113.49,116.17,113.61,113.21,113.16
113.49,113.53,112.67,112.8,116.16,113.55,113.13,113.12
112.8,112.84,112.24,112.43,116.15,113.49,113.01,113.06
112.43,112.44,111.8,112.03,116.13,113.42,112.83,112.96
112.03,112.29,111.76,112.23,116.12,113.36,112.72,112.89
112.23,112.23,111.56,112.11,116.1,113.28,112.61,112.81
112.11,112.22,111.92,112.03,116.09,113.22,112.5,112.74
112.03,112.2,111.76,111.89,116.08,113.15,112.39,112.66
111.88,112.07,111.5,111.54,116.06,113.09,112.24,112.55
111.54,111.76,111.44,111.73,116.05,113.04,112.14,112.47